term,weight
хороший_ADJF,1.0
отличный_ADJF,0.8205830232465533
удобный_ADJF,0.5307567495614144
дизайн_NOUN,0.41030265016861195
звук_NOUN,0.3308473093648451
яркий_ADJF,0.3265693667082527
экран_NOUN,0.2927508660380042
качество_NOUN,0.284857710499644
громкий_ADJF,0.27206660515335546
достоинство_NOUN,0.21450323087288967
камера_NOUN,0.21359874363494877
неплохой_ADJF,0.20260083601099932
качественный_ADJF,0.19790391232103657
шустрый_ADJF,0.18522632323489643
красивый_ADJF,0.1822605577305277
большой_ADJF,0.1747713003521255
лёгкий_ADJF,0.15771499463547464
быстрый_ADJF,0.1563584434073055
отлично_ADVB,0.15156692390381601
цена_NOUN,0.14694650549719762
приятный_ADJF,0.14057208921412018
удобно_ADVB,0.13508496876830026
супер_ADJF,0.12880017054651263
дисплей_NOUN,0.11638063450887418
чёткий_ADJF,0.11536202123586571
скорость_NOUN,0.11516019934160728
радовать_INFN,0.1095164660163502
производительность_NOUN,0.100475822466878
лежать_INFN,0.09793135869058076
стильный_ADJF,0.09694643197213916
процессор_NOUN,0.09328811492180611
сборка_NOUN,0.0903238222299251
мощный_ADJF,0.09011784294150169
очень_ADVB,0.0866827133828477
достаточно_ADVB,0.08559625643241277
размер_NOUN,0.08262730880762112
порадовать_INFN,0.0822733348281696
сенсор_NOUN,0.08040265469813655
вполне_ADVB,0.08005706883025011
рука_NOUN,0.07914040032473343
внешний_ADJF,0.07878880065993192
динамика_NOUN,0.07625250355185816
наличие_NOUN,0.07544664442827728
тонкий_ADJF,0.07420494389285376
летать_INFN,0.07241111468077135
приятно_ADVB,0.06652863822676928
сочный_ADJF,0.0663832403441083
видео_NOUN,0.06479239421794318
вид_NOUN,0.06435417184659778
шикарный_ADJF,0.060124867072432996
великолепный_ADJF,0.05808339826707856
классный_ADJF,0.05639151102786076
высота_NOUN,0.05407772873654496
возможность_NOUN,0.05211766383321098
удобство_NOUN,0.051895853213272135
довольный_ADJF,0.05125164276010748
компактный_ADJF,0.05106797881298411
замечательный_ADJF,0.04740648400116588
смотреть_INFN,0.04663970134883165
нравиться_INFN,0.04538009493418028
крепкий_ADJF,0.04497144484185928
быстродействие_NOUN,0.04404607856502551
отзывчивый_ADJF,0.04334819451103332
насыщенный_ADJF,0.04305116006945953
прекрасный_ADJF,0.042462616468467995
прочный_ADJF,0.04239505388532175
динамик_NOUN,0.042288640402537776
довольно_ADVB,0.04211808902669478
соотношение_NOUN,0.041856204154368096
держать_INFN,0.04168610297839163
множество_NOUN,0.041539120790885696
достойный_ADJF,0.04136184837194216
функциональность_NOUN,0.039892586253953734
функция_NOUN,0.039529083672923036
полезный_ADJF,0.039517062813210733
цвет_NOUN,0.037858289917453006
интерфейс_NOUN,0.03732506545125221
приличный_ADJF,0.03714092776361555
перечислять_INFN,0.03603714661905415
железо_NOUN,0.03487733488115412
фильм_NOUN,0.034532117431429116
прикольный_ADJF,0.0335323007973847
потрясать_INFN,0.0335323007973847
понятный_ADJF,0.032898263557061665
поддержка_NOUN,0.032064729938308
огромный_ADJF,0.030991618308063608
сканер_NOUN,0.030919200894326773
симпатичный_ADJF,0.030025657208438503
звучание_NOUN,0.02987797357205835
высокий_ADJF,0.02924230061343211
падать_INFN,0.029113000265278393
работа_NOUN,0.028704183499879896
простой_NOUN,0.028390917286145345
вспышка_NOUN,0.02793549537261577
начинка_NOUN,0.02790170874074959
цветопередача_NOUN,0.02701628052559057
понравиться_INFN,0.02676214987151218
превосходный_ADJF,0.02651917759737467
недорогой_ADJF,0.025016450815665087
перечислить_INFN,0.024966638062522504
адекватный_ADJF,0.02478152164218204
вес_NOUN,0.024724344921107286
чистый_ADJF,0.02448188203532202
навигация_NOUN,0.02405835037746536
оптимальный_ADJF,0.023682435580870607
функциональный_ADJF,0.02350681606784531
ощупь_NOUN,0.023378859708413975
чувствительный_ADJF,0.023220840954085827
неубивать_INFN,0.023012861952691553
функционал_NOUN,0.0228161346274932
чётко_ADVB,0.022702719007411994
простота_NOUN,0.022511973102076893
управление_NOUN,0.02245524226369483
удовольствие_NOUN,0.022170992011391593
обзор_NOUN,0.022130773868622795
красочный_ADJF,0.022011087597446667
быстрота_NOUN,0.022011087597446667
комплектация_NOUN,0.021866840305425985
класс_NOUN,0.021625471204311797
фишка_NOUN,0.02142374800540036
дюйм_NOUN,0.02116699973614007
идеальный_ADJF,0.02115296279900878
похвала_NOUN,0.021009326626005402
прекрасно_ADVB,0.019845491868323756
характеристика_NOUN,0.01964808706193761
спокойно_ADVB,0.019582845883158184
богатый_ADJF,0.019506710262888582
фото_NOUN,0.018780191023069482
фонарик_NOUN,0.01806466763618382
отпечаток_NOUN,0.01801178154640731
многофункциональный_ADJF,0.01800412401182126
стерео_NOUN,0.018000377861012433
андройда_NOUN,0.017513734677492315
классно_ADVB,0.017503268619542257
всякий_ADJF,0.017325898713054937
качественно_ADVB,0.01715866317405535
снимать_INFN,0.017054656398057144
эргономичный_ADJF,0.017002416572912446
нарекание_NOUN,0.016691558770961148
устраивать_INFN,0.016654140594832754
шустро_ADVB,0.0166487587149024
идеально_ADVB,0.016406137330884956
наушник_NOUN,0.0164042649139422
неплохо_ADVB,0.01631095096087644
смотреться_INFN,0.016200598914962987
сменный_ADJF,0.01600072251646626
тянуть_INFN,0.01578928173577323
любой_NOUN,0.015552571856527576
привлекательный_ADJF,0.015499880506582853
сказка_NOUN,0.015499880506582853
куча_NOUN,0.015397221708032382
выбор_NOUN,0.015285282075446245
компактность_NOUN,0.014999041842214542
интересный_ADJF,0.014975623627176114
работать_INFN,0.014893089069917551
масса_NOUN,0.014889004533635128
позволять_INFN,0.014600087275259214
гибкий_ADJF,0.014498206523327799
смартфон_NOUN,0.014170264659773503
ёмкий_ADJF,0.014166626611509928
восторг_NOUN,0.014080563445326058
надёжный_ADJF,0.01398468363326556
мп_NOUN,0.013874752489467106
съёмный_ADJF,0.013723418962837583
отличие_NOUN,0.013538407075144213
разрешение_NOUN,0.013531661312867928
интуитивно_ADVB,0.013508254364239334
офигенный_ADJF,0.013496545921864958
стильно_ADVB,0.013496545921864958
обалденный_ADJF,0.013496545921864958
рукописный_ADJF,0.013496545921864958
график_NOUN,0.013496545921864958
уровень_NOUN,0.013391570289643048
лопата_NOUN,0.013168494009950066
круто_ADVB,0.013082307105152029
строгий_ADJF,0.01299572063922182
сочетание_NOUN,0.01299572063922182
ребристый_ADJF,0.01299572063922182
весь_ADJF,0.012739566412841354
рынок_NOUN,0.012683699829722806
мор_NOUN,0.012494898701926169
живой_NOUN,0.012464961055256314
ёмкостный_ADJF,0.012433219986480845
картинка_NOUN,0.012323594961294954
собранный_ADJF,0.012202749839973225
люфтит_NOUN,0.012033111382457757
достойно_ADVB,0.011994080109944499
кафель_NOUN,0.011994080109944499
шикарно_ADVB,0.011994080109944499
стереодинамика_NOUN,0.011994080109944499
проц_NOUN,0.011907012711583705
справляться_INFN,0.011889956763983089
асфальт_NOUN,0.011783650681419459
приемлемый_ADJF,0.01176866033480142
достаточный_ADJF,0.011726464854771084
прочность_NOUN,0.01170194929156717
вещь_NOUN,0.011685708914339666
весьма_ADVB,0.011608206584252143
надёжность_NOUN,0.011519812447868307
съёмка_NOUN,0.011465043217655955
конкурент_NOUN,0.011461178656695737
андроид_NOUN,0.01117626958565812
бесплатный_ADJF,0.01114816489159895
великолепно_ADVB,0.01099245296178901
панорама_NOUN,0.01099245296178901
расширение_NOUN,0.01099245296178901
поражать_INFN,0.01099245296178901
замедлить_INFN,0.01099245296178901
фай_NOUN,0.010786849823486919
мыльница_NOUN,0.010524424002996064
полноэкранный_ADJF,0.010491644405548157
естественный_ADJF,0.010491644405548157
дюймовый_ADJF,0.010491644405548157
казаться_INFN,0.010491644405548157
широкий_ADJF,0.010416193625806624
хорошеть_INFN,0.010133234321355749
красить_INFN,0.009990839194487209
распознавание_NOUN,0.009990839194487209
намёк_NOUN,0.009990839194487209
многофункциональность_NOUN,0.009990839194487209
бомба_NOUN,0.009990839194487209
суперский_NOUN,0.009990839194487209
чуткий_ADJF,0.009990839194487209
пульт_NOUN,0.009939686797369073
живучий_ADJF,0.009888043096772037
фронтальный_ADJF,0.009811485056898026
сенсорный_ADJF,0.009801450384873895
диагональ_NOUN,0.009633794518927548
отменный_ADJF,0.00949003732857265
оценить_INFN,0.00949003732857265
вакуумный_ADJF,0.00949003732857265
влитой_ADJF,0.00949003732857265
удивление_NOUN,0.00949003732857265
несомненно_ADVB,0.00949003732857265
плавно_ADVB,0.009463671069177984
никакой_ADJF,0.009069078405824365
крепко_ADVB,0.008989238807770967
стойкий_ADJF,0.008989238807770967
солидно_ADVB,0.008989238807770967
обеспечивать_INFN,0.008989238807770967
насыщенность_NOUN,0.008989238807770967
изготовление_NOUN,0.00856970729219867
автономность_NOUN,0.00856970729219867
откликаться_INFN,0.008488443632048637
плитка_NOUN,0.008488443632048637
подарить_INFN,0.008488443632048637
впечатлять_INFN,0.008488443632048637
плюшка_NOUN,0.008488443632048637
антут_NOUN,0.008488443632048637
стабильный_ADJF,0.008465489233937928
мощность_NOUN,0.008337567158972109
выглядеть_INFN,0.008316192269896595
скользить_INFN,0.008301119048231057
ронять_INFN,0.008233653045709822
угодный_ADJF,0.008189078368476974
слышимость_NOUN,0.008159637912225402
производительный_ADJF,0.008113053508262493
социальный_ADJF,0.007987651801372153
заточить_INFN,0.007987651801372153
мегапиксельный_ADJF,0.007987651801372153
солидный_ADJF,0.007987651801372153
разнообразный_ADJF,0.007987651801372153
пятёрка_NOUN,0.007987651801372153
мпикс_NOUN,0.007987651801372153
минеральный_ADJF,0.007987651801372153
формат_NOUN,0.007968326891230537
умный_ADJF,0.007886882615398763
исполнение_NOUN,0.007731420696859196
сравнение_NOUN,0.007703908114956438
ценовый_ADJF,0.007687820725528003
крутой_ADJF,0.007673642635624682
фотография_NOUN,0.007557489787805024
отрабатывать_INFN,0.007486863315707995
сравнимый_ADJF,0.007486863315707995
контрастность_NOUN,0.007486863315707995
прелесть_NOUN,0.007486863315707995
ложиться_INFN,0.007486863315707995
безопасность_NOUN,0.007486863315707995
добротный_ADJF,0.007486863315707995
шик_NOUN,0.007486863315707995
удивлённый_ADJF,0.007486863315707995
навигатор_NOUN,0.0074808556861388625
орать_INFN,0.007201225974412154
комплект_NOUN,0.007192595128052837
устойчивый_ADJF,0.007069965524090461
прикосновение_NOUN,0.007059573548298442
интеллектуальный_ADJF,0.006986078175022655
мультимедиа_NOUN,0.006986078175022655
улучшить_INFN,0.006986078175022655
практичный_ADJF,0.006986078175022655
интуитивный_ADJF,0.006986078175022655
влюбиться_INFN,0.006986078175022655
невероятно_ADVB,0.006986078175022655
рифлёный_ADJF,0.006986078175022655
нарадоваться_INFN,0.006986078175022655
разнообразие_NOUN,0.006986078175022655
лихва_NOUN,0.006986078175022655
сомневаться_INFN,0.006986078175022655
вкус_NOUN,0.006973482121766829
габарит_NOUN,0.006973482121766829
описать_INFN,0.006966220845893648
немой_ADJF,0.006960813403747749
внешне_ADVB,0.006886166362701522
контрастный_ADJF,0.006815143194960565
лёгкость_NOUN,0.006815143194960565
пожалеть_INFN,0.006706668723074907
категория_NOUN,0.006667809671800115
модель_NOUN,0.006606472834402809
аудио_NOUN,0.0065586901074142405
технология_NOUN,0.0065586901074142405
запас_NOUN,0.0065165540959245625
покрытие_NOUN,0.006513647547834868
редкость_NOUN,0.006485296379282612
снег_NOUN,0.006485296379282612
отпасть_INFN,0.006485296379282612
красота_NOUN,0.006485296379282612
ударопрочный_ADJF,0.006485296379282612
остановиться_INFN,0.006485296379282612
телек_NOUN,0.006485296379282612
отзывчивость_NOUN,0.006485296379282612
мбитый_ADJF,0.006485296379282612
скоростной_ADJF,0.006485296379282612
суперскай_NOUN,0.006485296379282612
огонь_NOUN,0.006485296379282612
пользовать_INFN,0.006485296379282612
нужда_NOUN,0.006485296379282612
клевый_ADJF,0.006485296379282612
мультимедийный_ADJF,0.006485296379282612
мышь_NOUN,0.006485296379282612
эргономика_NOUN,0.006468348765511808
количество_NOUN,0.006451716710013062
уступать_INFN,0.00638999204752217
удивить_INFN,0.00634711161860594
беспроводный_ADJF,0.006328889507733554
голосовой_ADJF,0.006134609816699856
айфон_NOUN,0.006059532054257075
автофокус_NOUN,0.005992164417252784
уйма_NOUN,0.005984517928454358
дизаин_NOUN,0.005984517928454358
изумительный_ADJF,0.005984517928454358
новенький_ADJF,0.005984517928454358
курить_INFN,0.005984517928454358
служить_INFN,0.005984517928454358
редактор_NOUN,0.005984517928454358
гибкость_NOUN,0.005984517928454358
приемлить_INFN,0.005984517928454358
юзал_NOUN,0.005984517928454358
сносный_ADJF,0.005984517928454358
новинка_NOUN,0.005984517928454358
популярность_NOUN,0.005984517928454358
превосходно_ADVB,0.005984517928454358
разогнать_INFN,0.005984517928454358
прорезиненный_ADJF,0.005984517928454358
барометр_NOUN,0.005984517928454358
преимущество_NOUN,0.005969939044540375
лёгкое_NOUN,0.005877602800215725
правильный_ADJF,0.005759473743415523
царапинка_NOUN,0.005759216633195646
спутник_NOUN,0.0056975536359940284
ввод_NOUN,0.005656063107381598
фоткаета_NOUN,0.005554451568483499
объесть_INFN,0.005500442949996012
элегантный_ADJF,0.005483742822504376
класный_ADJF,0.005483742822504376
изящный_ADJF,0.005483742822504376
собрать_INFN,0.005483742822504376
привет_NOUN,0.005483742822504376
читаемый_ADJF,0.005483742822504376
яблофон_NOUN,0.005483742822504376
тактильный_ADJF,0.005483742822504376
серфить_INFN,0.005483742822504376
конкуренция_NOUN,0.005483742822504376
андрюша_NOUN,0.005483742822504376
шершавый_ADJF,0.005483742822504376
этаж_NOUN,0.005483742822504376
пупереть_INFN,0.005483742822504376
голый_ADJF,0.005483742822504376
заслуживать_INFN,0.005483742822504376
кайф_NOUN,0.005483742822504376
попугай_NOUN,0.005483742822504376
максимально_ADVB,0.005483742822504376
читать_INFN,0.0053829276310861695
штука_NOUN,0.005356014314276923
бесплатно_ADVB,0.005328397603638904
похожий_ADJF,0.005328144140147065
действительно_ADVB,0.005279582867781799
сегодняшний_ADJF,0.005246064497752062
свой_ADJF,0.005152596094698898
сравнивать_INFN,0.005141067830865212
жест_NOUN,0.0051373917574830475
ложный_ADJF,0.0049829710613991576
рад_ADJS,0.0049829710613991576
расписать_INFN,0.0049829710613991576
панорамный_ADJF,0.0049829710613991576
внешность_NOUN,0.0049829710613991576
рассказать_INFN,0.0049829710613991576
май_NOUN,0.0049829710613991576
рекорд_NOUN,0.0049829710613991576
непрерывный_ADJF,0.0049829710613991576
видио_NOUN,0.0049829710613991576
всяческий_ADJF,0.0049829710613991576
немаловажный_ADJF,0.0049829710613991576
лаконичный_ADJF,0.0049829710613991576
чуствительный_ADJF,0.0049829710613991576
ничуть_ADVB,0.0049829710613991576
кастомизация_NOUN,0.0049829710613991576
сбалансированный_ADJF,0.0049829710613991576
гелаксить_INFN,0.0049829710613991576
база_NOUN,0.0049829710613991576
коммуникация_NOUN,0.0049829710613991576
четвёрка_NOUN,0.0049829710613991576
кастома_NOUN,0.0049829710613991576
удобность_NOUN,0.0049829710613991576
мгновенный_ADJF,0.0049829710613991576
выпуск_NOUN,0.0049829710613991576
мышка_NOUN,0.0049829710613991576
космос_NOUN,0.0049829710613991576
двухъядерный_ADJF,0.0049829710613991576
счастливый_ADJF,0.0049829710613991576
улучшение_NOUN,0.0049829710613991576
слежение_NOUN,0.0049829710613991576
гармин_NOUN,0.0049829710613991576
настраиваться_INFN,0.0049771813695180505
технический_ADJF,0.004876143304176188
планшет_NOUN,0.004876143304176188
число_NOUN,0.004844392185700085
плавность_NOUN,0.0048200971826668345
телефончик_NOUN,0.0048200971826668345
сей_VERB,0.004815446687817171
палец_NOUN,0.004783202920957444
необходимый_ADJF,0.0047220898107815604
выше_ADVB,0.004618423145799624
разный_ADJF,0.004609798302655228
многий_ADJF,0.004577826561595881
оранжевый_ADJF,0.004482202645105189
круча_NOUN,0.004482202645105189
автомат_NOUN,0.004482202645105189
разие_NOUN,0.004482202645105189
похвастаться_INFN,0.004482202645105189
ежедневный_ADJF,0.004482202645105189
классический_ADJF,0.004482202645105189
цифровик_NOUN,0.004482202645105189
сообщество_NOUN,0.004482202645105189
вперёд_ADVB,0.004482202645105189
неубиваемость_NOUN,0.004482202645105189
наслаждаться_INFN,0.004482202645105189
схожий_ADJF,0.004482202645105189
улыбка_NOUN,0.004482202645105189
блёкнуть_INFN,0.004482202645105189
миниатюрный_ADJF,0.004482202645105189
ожидаться_INFN,0.004482202645105189
логично_ADVB,0.004482202645105189
соответствующий_ADJF,0.004482202645105189
пикс_NOUN,0.004482202645105189
шустренький_ADJF,0.004482202645105189
род_NOUN,0.004482202645105189
развлечение_NOUN,0.004482202645105189
презентабельный_ADJF,0.004482202645105189
клип_NOUN,0.004482202645105189
строго_ADVB,0.004482202645105189
поиграться_INFN,0.004482202645105189
зверь_NOUN,0.004482202645105189
лёд_NOUN,0.004482202645105189
пролёт_NOUN,0.004482202645105189
отдыхать_INFN,0.004482202645105189
эффектно_ADVB,0.004482202645105189
блеск_NOUN,0.004482202645105189
поднести_INFN,0.004482202645105189
брелок_NOUN,0.004482202645105189
галактика_NOUN,0.004471995815152049
кино_NOUN,0.0044642151706672595
светодиодный_ADJF,0.0044642151706672595
земля_NOUN,0.0043639940276208305
различный_ADJF,0.004359062802034933
чёткость_NOUN,0.004326285589105395
нигде_ADVB,0.004326285589105395
сеять_INFN,0.004312758146289948
желание_NOUN,0.004301791330651202
красиво_ADVB,0.004295200784881658
форма_NOUN,0.004295150100553581
современный_ADJF,0.004279052944230213
бренд_NOUN,0.004231898375353123
всевозможный_ADJF,0.004231898375353123
отзыв_NOUN,0.004223161489521827
бюджетный_ADJF,0.004154175393913752
толщина_NOUN,0.004154175393913752
доступ_NOUN,0.004112551760754564
гб_NOUN,0.004065082796897053
аксессуар_NOUN,0.004063191361447758
цвета_NOUN,0.004025979073301578
отменно_ADVB,0.003981437573588958
плотный_ADJF,0.003981437573588958
ясный_ADJF,0.003981437573588958
этикет_NOUN,0.003981437573588958
отлететь_INFN,0.003981437573588958
мессенджер_NOUN,0.003981437573588958
плотность_NOUN,0.003981437573588958
требование_NOUN,0.003981437573588958
безупречный_ADJF,0.003981437573588958
долговечный_ADJF,0.003981437573588958
перечесть_INFN,0.003981437573588958
хорошый_ADJF,0.003981437573588958
гуд_NOUN,0.003981437573588958
улёт_NOUN,0.003981437573588958
достоинст_NOUN,0.003981437573588958
полезно_ADVB,0.003981437573588958
обладатель_NOUN,0.003981437573588958
резвый_ADJF,0.003981437573588958
оценивать_INFN,0.003981437573588958
хорошоя_NOUN,0.003981437573588958
прогресс_NOUN,0.003981437573588958
пакет_NOUN,0.003981437573588958
айфоновский_ADJF,0.003981437573588958
протереть_INFN,0.003981437573588958
болтать_INFN,0.003981437573588958
устойчивость_NOUN,0.003981437573588958
сторонка_NOUN,0.003981437573588958
природа_NOUN,0.003981437573588958
фантастический_ADJF,0.003981437573588958
забавно_ADVB,0.003981437573588958
сын_NOUN,0.003981437573588958
твой_ADJF,0.003981437573588958
открытость_NOUN,0.003981437573588958
бетон_NOUN,0.003981437573588958
прикладывать_INFN,0.003981437573588958
щас_ADVB,0.003981437573588958
макросъемка_NOUN,0.003981437573588958
вера_NOUN,0.003981437573588958
закалить_INFN,0.003981437573588958
эргономичность_NOUN,0.003981437573588958
видеоускоритель_NOUN,0.003981437573588958
сериал_NOUN,0.003981437573588958
небыть_INFN,0.003981437573588958
тыловой_ADJF,0.003981437573588958
двухядерный_ADJF,0.003981437573588958
свобода_NOUN,0.003981437573588958
лидер_NOUN,0.003981437573588958
доступность_NOUN,0.003981437573588958
молодец_NOUN,0.003981437573588958
ядовитый_ADJF,0.003981437573588958
регистратор_NOUN,0.003981437573588958
экономичный_ADJF,0.003981437573588958
сочность_NOUN,0.003981437573588958
органайзер_NOUN,0.003981437573588958
владеть_INFN,0.003981437573588958
безглючность_NOUN,0.003981437573588958
пригодный_ADJF,0.003981437573588958
широкоформатный_ADJF,0.003981437573588958
отдача_NOUN,0.003981437573588958
стереозвук_NOUN,0.003981437573588958
шрифт_NOUN,0.003967722514780184
текст_NOUN,0.003964169197729505
видеокамера_NOUN,0.00395137302983663
музыка_NOUN,0.003918618387054379
многозадачность_NOUN,0.0039029754098565796
ловить_INFN,0.003881049849862794
отметить_INFN,0.003843489680732327
обращение_NOUN,0.0038329117856100176
сравнительно_ADVB,0.0038312942112355276
единый_ADJF,0.0038312942112355276
управлять_INFN,0.0038111653409925103
игрушка_NOUN,0.0037684184325404097
целое_NOUN,0.0037656876823457764
аналог_NOUN,0.0036302884671922985
выдерживать_INFN,0.0035684732674659105
пользоваться_INFN,0.0035247968475960486
телевизор_NOUN,0.0034972474685230136
комфортно_ADVB,0.003492388112804632
чтение_NOUN,0.003482162015956274
сенсера_NOUN,0.003480675846816955
открыто_ADVB,0.003480675846816955
молниеносный_ADJF,0.003480675846816955
оффлайна_NOUN,0.003480675846816955
стыдно_ADVB,0.003480675846816955
равный_ADJF,0.003480675846816955
ванна_NOUN,0.003480675846816955
присоединяться_INFN,0.003480675846816955
продолжительный_ADJF,0.003480675846816955
обожать_INFN,0.003480675846816955
вёдро_NOUN,0.003480675846816955
совесть_NOUN,0.003480675846816955
сёрфинга_NOUN,0.003480675846816955
оочень_ADVB,0.003480675846816955
басс_NOUN,0.003480675846816955
истечение_NOUN,0.003480675846816955
нереальный_ADJF,0.003480675846816955
симпотичный_ADJF,0.003480675846816955
бесподобный_ADJF,0.003480675846816955
милый_ADJF,0.003480675846816955
сидение_NOUN,0.003480675846816955
молодёжный_ADJF,0.003480675846816955
облегчать_INFN,0.003480675846816955
гладко_ADVB,0.003480675846816955
настоящее_NOUN,0.003480675846816955
проводы_NOUN,0.003480675846816955
мужской_ADJF,0.003480675846816955
мокрый_ADJF,0.003480675846816955
удивиться_INFN,0.003480675846816955
мультимедия_NOUN,0.003480675846816955
выносливый_ADJF,0.003480675846816955
учёба_NOUN,0.003480675846816955
обрадовать_INFN,0.003480675846816955
брюки_NOUN,0.003480675846816955
моделька_NOUN,0.003480675846816955
закос_NOUN,0.003480675846816955
ломать_INFN,0.003480675846816955
пейзаж_NOUN,0.003480675846816955
продолжительность_NOUN,0.003480675846816955
поезд_NOUN,0.003480675846816955
горил_NOUN,0.003480675846816955
наиболее_ADVB,0.003480675846816955
превосходить_INFN,0.003480675846816955
икран_NOUN,0.003480675846816955
агрегат_NOUN,0.003480675846816955
составить_INFN,0.003480675846816955
невероятный_ADJF,0.003480675846816955
процесор_NOUN,0.003480675846816955
август_NOUN,0.003480675846816955
нецарапаться_INFN,0.003480675846816955
вкупе_ADVB,0.003480675846816955
простор_NOUN,0.003480675846816955
поставляться_INFN,0.003480675846816955
способный_ADJF,0.003480675846816955
оттягивать_INFN,0.003480675846816955
видимый_ADJF,0.003480675846816955
ретина_NOUN,0.003480675846816955
лыжа_NOUN,0.003480675846816955
выдающийся_ADJF,0.003480675846816955
мощьный_ADJF,0.003480675846816955
отпадать_INFN,0.003480675846816955
сомнение_NOUN,0.003480675846816955
роль_NOUN,0.003480675846816955
распространить_INFN,0.003480675846816955
вытекать_INFN,0.003480675846816955
прорыв_NOUN,0.003480675846816955
видеорегистратор_NOUN,0.003480675846816955
пиксельный_ADJF,0.003480675846816955
играться_INFN,0.003480675846816955
персонализация_NOUN,0.003480675846816955
залить_INFN,0.003480675846816955
безупречно_ADVB,0.003480675846816955
натуральный_ADJF,0.003480675846816955
интенсивность_NOUN,0.003480675846816955
отпад_NOUN,0.003480675846816955
монолитный_ADJF,0.003480675846816955
русифицировать_INFN,0.003480675846816955
гиговый_NOUN,0.003480675846816955
студент_NOUN,0.003480675846816955
стартовать_INFN,0.003480675846816955
фотоснимок_NOUN,0.003480675846816955
критерий_NOUN,0.003480675846816955
компас_NOUN,0.003480675846816955
приложить_INFN,0.003480675846816955
актуально_ADVB,0.003480675846816955
оптика_NOUN,0.003480675846816955
необычный_ADJF,0.003480675846816955
айти_INFN,0.003480675846816955
сяомь_NOUN,0.003480675846816955
венгрия_NOUN,0.003480675846816955
зрение_NOUN,0.003465378791880236
матрица_NOUN,0.003465378791880236
маркета_NOUN,0.0033810315699687437
подарок_NOUN,0.0033245983896800536
люба_NOUN,0.003188320038249698
стабильно_ADVB,0.0031047992664304286
оболочка_NOUN,0.003071099618383733
уверенно_ADVB,0.0030551412873826185
изображение_NOUN,0.0030230350765930564
ядерный_ADJF,0.0030126787922615146
снимок_NOUN,0.0029855719001729126
медиатор_NOUN,0.0029805630432073738
чушь_NOUN,0.002979917464755669
подробный_ADJF,0.002979917464755669
музона_NOUN,0.002979917464755669
промахнуться_INFN,0.002979917464755669
коллега_NOUN,0.002979917464755669
масштабирование_NOUN,0.002979917464755669
спорт_NOUN,0.002979917464755669
зеркало_NOUN,0.002979917464755669
незаметный_ADJF,0.002979917464755669
новичок_NOUN,0.002979917464755669
водить_INFN,0.002979917464755669
давольный_ADJF,0.002979917464755669
модный_ADJF,0.002979917464755669
присутствие_NOUN,0.002979917464755669
гамма_NOUN,0.002979917464755669
добраться_INFN,0.002979917464755669
парочка_NOUN,0.002979917464755669
компьютерный_ADJF,0.002979917464755669
метровый_ADJF,0.002979917464755669
освоение_NOUN,0.002979917464755669
здоровый_ADJF,0.002979917464755669
сенсорник_NOUN,0.002979917464755669
экономный_ADJF,0.002979917464755669
квадрат_NOUN,0.002979917464755669
логичный_ADJF,0.002979917464755669
юзабилить_INFN,0.002979917464755669
изучать_INFN,0.002979917464755669
металический_NOUN,0.002979917464755669
вуаля_NOUN,0.002979917464755669
дополнение_NOUN,0.002979917464755669
гонять_INFN,0.002979917464755669
меркнуть_INFN,0.002979917464755669
непрерывно_ADVB,0.002979917464755669
потрясный_ADJF,0.002979917464755669
бетонный_ADJF,0.002979917464755669
должное_NOUN,0.002979917464755669
детский_ADJF,0.002979917464755669
спереди_ADVB,0.002979917464755669
современно_ADVB,0.002979917464755669
распознование_NOUN,0.002979917464755669
роутер_VERB,0.002979917464755669
применение_NOUN,0.002979917464755669
ля_NOUN,0.002979917464755669
текстовый_ADJF,0.002979917464755669
ударостойкий_ADJF,0.002979917464755669
оптимально_ADVB,0.002979917464755669
монолит_NOUN,0.002979917464755669
топить_INFN,0.002979917464755669
обширный_ADJF,0.002979917464755669
дисплэй_NOUN,0.002979917464755669
электроника_NOUN,0.002979917464755669
резестивный_ADJF,0.002979917464755669
отдых_NOUN,0.002979917464755669
нисколько_ADVB,0.002979917464755669
скромный_ADJF,0.002979917464755669
шаг_NOUN,0.002979917464755669
сестра_NOUN,0.002979917464755669
вспоминать_INFN,0.002979917464755669
инженер_NOUN,0.002979917464755669
указанный_ADJF,0.002979917464755669
украсть_INFN,0.002979917464755669
грамотный_ADJF,0.002979917464755669
многократно_ADVB,0.002979917464755669
прошиться_INFN,0.002979917464755669
испытывать_INFN,0.002979917464755669
внушительный_ADJF,0.002979917464755669
упомянуть_INFN,0.002979917464755669
великое_NOUN,0.002979917464755669
цикл_NOUN,0.002979917464755669
разьё_NOUN,0.002979917464755669
контраст_NOUN,0.002979917464755669
долговечность_NOUN,0.002979917464755669
демократичный_ADJF,0.002979917464755669
интеграция_NOUN,0.002979917464755669
завод_NOUN,0.002979917464755669
мегапикс_NOUN,0.002979917464755669
заявлять_INFN,0.002979917464755669
привлекать_INFN,0.002979917464755669
пресловутый_ADJF,0.002979917464755669
выцветать_INFN,0.002979917464755669
танк_NOUN,0.002979917464755669
напрягаться_INFN,0.002979917464755669
расширять_INFN,0.002979917464755669
привязка_NOUN,0.002979917464755669
грамм_NOUN,0.002979917464755669
респект_NOUN,0.002979917464755669
фанат_NOUN,0.002979917464755669
толстой_NOUN,0.002979917464755669
многочисленный_ADJF,0.002979917464755669
самса_NOUN,0.002979917464755669
заслуга_NOUN,0.002979917464755669
бонус_NOUN,0.002979917464755669
совместимость_NOUN,0.002979917464755669
регулярный_ADJF,0.002979917464755669
выжать_INFN,0.002979917464755669
дотянуться_INFN,0.002979917464755669
нервно_ADVB,0.002979917464755669
игрух_NOUN,0.002979917464755669
рвать_INFN,0.002979917464755669
слепить_INFN,0.002979917464755669
пробывать_INFN,0.002979917464755669
одежда_NOUN,0.002979917464755669
жалоба_NOUN,0.002979917464755669
обходиться_INFN,0.002979917464755669
фронт_NOUN,0.002979917464755669
сопоставимый_ADJF,0.002979917464755669
самолёт_NOUN,0.002979917464755669
поднесение_NOUN,0.002979917464755669
немало_ADVB,0.002979917464755669
луч_NOUN,0.002979917464755669
актуальность_NOUN,0.002979917464755669
весной_ADVB,0.002979917464755669
офигительный_ADJF,0.002979917464755669
привезти_INFN,0.002979917464755669
алюминий_NOUN,0.002979917464755669
улучшать_INFN,0.002979917464755669
округлый_ADJF,0.002979917464755669
эталон_NOUN,0.002979917464755669
предостаточно_ADVB,0.002979917464755669
аудиочип_NOUN,0.002979917464755669
позволить_INFN,0.002979917464755669
ругать_INFN,0.002979917464755669
видеосъёмка_NOUN,0.002979917464755669
светодиод_NOUN,0.002979917464755669
относить_INFN,0.002979917464755669
совершенный_ADJF,0.002979917464755669
творить_INFN,0.002979917464755669
отличать_INFN,0.002979917464755669
новшество_NOUN,0.002979917464755669
профессиональный_ADJF,0.002979917464755669
инфракрасный_ADJF,0.002979917464755669
битный_ADJF,0.002979917464755669
карл_NOUN,0.002979917464755669
убийца_NOUN,0.002979917464755669
звучать_INFN,0.0029296476689627793
вайфай_NOUN,0.00287972211246502
передача_NOUN,0.0028672730934797205
прочий_ADJF,0.002845914628902106
днём_ADVB,0.0028388628650655077
балл_NOUN,0.0028298882307243927
линейка_NOUN,0.0028298882307243927
цифровой_ADJF,0.0028298882307243927
прилично_ADVB,0.002809385486776111
тв_NOUN,0.0028001777259067944
чувствительность_NOUN,0.0027551014403566516
др_NOUN,0.0027551014403566516
частота_NOUN,0.002674344625843491
стабильность_NOUN,0.002638970394895613
чип_NOUN,0.0026368363650703342
глонасс_NOUN,0.0026368363650703342
моментально_ADVB,0.00250159299337138
колонка_NOUN,0.00250159299337138
плавный_ADJF,0.00250159299337138
стиль_NOUN,0.002496204515833909
настоящий_ADJF,0.002476379312503894
марка_NOUN,0.002476379312503894
пора_NOUN,0.0024591780896516587
другой_ADJF,0.002442759782057172
подключать_INFN,0.0024299970559187706
девушка_NOUN,0.0024063194746558455
чудо_NOUN,0.0024002514509913688
лаг_NOUN,0.0023655351804487156
панелька_NOUN,0.0023323933946303773
сметь_INFN,0.002323185315077468
небо_NOUN,0.002323185315077468
долгоиграющий_ADJF,0.002319985074957708
свежий_ADJF,0.002319985074957708
настроить_INFN,0.0022975167534326903
чёрный_NOUN,0.0022849699600527486
карточка_NOUN,0.002260694724530298
тормоз_NOUN,0.0022433450092752025
яблоко_NOUN,0.0022373790220263636
мегапиксель_NOUN,0.0021811015880601383
снимка_NOUN,0.0021762339153117752
коробка_NOUN,0.002153777696449487
близкий_ADJF,0.0021506507952957937
расстояние_NOUN,0.0021506507952957937
мгновенно_ADVB,0.002145572335180169
примочка_NOUN,0.0021351459701806214
комфортный_ADJF,0.0021351459701806214
общение_NOUN,0.0020793035160636274
цветок_NOUN,0.0020793035160636274
порт_NOUN,0.002072328070897182
продумать_INFN,0.002016167300517518
фотоаппарат_NOUN,0.001994964860474375
точный_ADJF,0.0019787675142570412
пригодиться_INFN,0.0019787675142570412
событие_NOUN,0.0019787675142570412
олеофобный_ADJF,0.0019787675142570412
амолёд_NOUN,0.0019729368003571696
затычка_NOUN,0.0019714399614617264
джек_NOUN,0.0019714399614617264
тачскрин_NOUN,0.0019660889084376224
взять_INFN,0.001965618910825071
документ_NOUN,0.001963790805657415
реально_ADVB,0.0019390216829042628
помещаться_INFN,0.001903962016940207
словарь_NOUN,0.0018950429843698892
громко_ADVB,0.0018950429843698892
повод_NOUN,0.0018950429843698892
написать_INFN,0.0018135740971814123
положительный_ADJF,0.001807788929489602
пахать_INFN,0.001807788929489602
универсальный_ADJF,0.001807788929489602
давать_INFN,0.0018066903582750116
графический_ADJF,0.001801788987272255
гаджет_NOUN,0.001800692386453363
бас_NOUN,0.001800692386453363
пережить_INFN,0.0017286240315453894
актуальный_ADJF,0.0017106784702289538
пробка_NOUN,0.0016703468672739435
повторяться_INFN,0.0016703468672739435
оправдать_INFN,0.0016553975815391437
поразить_INFN,0.0016381205731022747
электронный_ADJF,0.0016381205731022747
команда_NOUN,0.0016381205731022747
выручать_INFN,0.0016381205731022747
подставка_NOUN,0.0016381205731022747
лицо_NOUN,0.0016289285411101467
соответствовать_INFN,0.0016270323268924938
выдержать_INFN,0.0016270323268924938
книга_NOUN,0.0015842404354233337
слот_NOUN,0.001565312148423347
прошлое_NOUN,0.0015551693580840061
сегмент_NOUN,0.0015532895597735565
муж_NOUN,0.0015532895597735565
разговорный_ADJF,0.0015383938887605743
вода_NOUN,0.0015333996450886023
целый_ADJF,0.0015205220946849438
вообщий_ADJF,0.0015096350117663722
управляться_INFN,0.001496199957214694
скайп_NOUN,0.0014903155391379319
фотокамера_NOUN,0.0014556578202743347
меню_NOUN,0.0014404618577130122
фотографировать_INFN,0.001405938560966479
сбой_NOUN,0.0013779586015190948
радость_NOUN,0.0013779586015190948
встречать_INFN,0.0013779586015190948
обои_NOUN,0.0013716353357502288
материал_NOUN,0.0013672465459184178
метр_NOUN,0.0013400142174433871
выскальзывать_INFN,0.0013224123412470775
топовый_ADJF,0.0013224123412470775
царапина_NOUN,0.0013045723048213888
дополнительный_ADJF,0.0012936976261746901
жалеть_INFN,0.0012873629789384108
подогнать_INFN,0.0012779320618334753
диапазон_NOUN,0.0012779320618334753
заменять_INFN,0.0012779320618334753
параметр_NOUN,0.0012733315707361952
надолго_ADVB,0.0012644264236314883
практически_ADVB,0.0012314018214293998
скрипеть_INFN,0.0012257359612906575
матовый_ADJF,0.0012190172964307556
невысокий_ADJF,0.001202631156676394
редактировать_INFN,0.001202631156676394
макро_ADVB,0.001202631156676394
удивительно_ADVB,0.001202631156676394
серфинг_NOUN,0.0011936607287846542
настраивать_INFN,0.0011624758436306352
смарт_NOUN,0.0011518863000839364
подходить_INFN,0.0011361551715715565
металлический_ADJF,0.0011330818288131015
перейти_INFN,0.0011195392010032524
угол_NOUN,0.0011107259270583334
комплектный_ADJF,0.0011036934608199367
полно_ADVB,0.0011036934608199367
торможение_NOUN,0.0011036934608199367
крупный_ADJF,0.001103403079473994
стекло_NOUN,0.0010907758760053622
фирменный_ADJF,0.0010841541021845507
закачать_INFN,0.0010540782385035057
согласиться_INFN,0.001052988562699139
закачивать_INFN,0.001052988562699139
общаться_INFN,0.0010273072251398491
исправно_ADVB,0.0010273072251398491
касание_NOUN,0.0010248483579675186
выбирать_INFN,0.0010114764770209521
белый_ADJF,0.0009957830240103051
женский_ADJF,0.0009956864845793497
запись_NOUN,0.0009844012133399147
поколение_NOUN,0.0009498592075694571
звуковой_ADJF,0.0009498592075694571
давно_ADVB,0.0009484847269607891
легко_ADVB,0.0009453012238239032
нуть_INFN,0.0009297850518660041
золотой_ADJF,0.0009297850518660041
использовать_INFN,0.0009017586609562036
прошить_INFN,0.0008888880112436221
пропустить_INFN,0.0008840945144484706
качать_INFN,0.000866413238365342
отклик_NOUN,0.0008656656831597334
кастомный_ADJF,0.0008656656831597334
обновиться_INFN,0.0008582544766712341
читаться_INFN,0.0008500223242513572
холодное_NOUN,0.0008500223242513572
горилла_NOUN,0.0008500223242513572
повседневный_ADJF,0.0008358040497933637
мера_NOUN,0.0008340086218938404
защита_NOUN,0.0008211991674531457
особенно_ADVB,0.00081632071197335
ролик_NOUN,0.000789173280890226
двойной_ADJF,0.0007875266114655786
цветовой_ADJF,0.0007835791813980398
протянуть_INFN,0.0007835791813980398
ярко_ADVB,0.0007835791813980398
индикатор_NOUN,0.0007822448118953151
бюджетник_NOUN,0.0007563797824281022
монитор_NOUN,0.0007563797824281022
фирма_NOUN,0.0007478894433094098
предел_NOUN,0.0007478894433094098
настройка_NOUN,0.0007463297993199203
джинсы_NOUN,0.000727381873453694
система_NOUN,0.0007182752680201904
карман_NOUN,0.0006987261258852
игра_NOUN,0.0006915284439572105
лень_NOUN,0.000680933119201102
квартира_NOUN,0.000680933119201102
игровой_ADJF,0.000680933119201102
меломан_NOUN,0.0006792348648095044
операционный_ADJF,0.0006612687323387847
сказать_INFN,0.0006585252756031081
реакция_NOUN,0.0006482947439841362
кирпич_NOUN,0.0006375280960190176
расширить_INFN,0.0006375280960190176
веб_NOUN,0.0006375280960190176
отношение_NOUN,0.0006213017431774499
воспроизведение_NOUN,0.0006193120444356071
определять_INFN,0.0006010540224974037
средний_ADJF,0.0006006473407377383
присутствовать_INFN,0.000599332265945024
синхронизация_NOUN,0.0005807064907254712
описание_NOUN,0.0005694839797597718
галаксить_INFN,0.0005694839797597718
воспроизводить_INFN,0.0005690932629390119
задача_NOUN,0.0005690932629390119
стандарт_NOUN,0.0005688892277974497
умеренный_ADJF,0.0005688892277974497
разница_NOUN,0.0005670832365962413
сидеть_INFN,0.0005577671909360359
выбрать_INFN,0.0005524386786604632
записывать_INFN,0.000540315499126888
сравнить_INFN,0.000540315499126888
голова_NOUN,0.000540315499126888
просматривать_INFN,0.000540315499126888
солнце_NOUN,0.0005276578223576536
низкий_ADJF,0.000521387068433274
смысл_NOUN,0.000521387068433274
сонька_NOUN,0.0005141841961897877
чудесный_ADJF,0.0005141841961897877
зеркалка_NOUN,0.0005141841961897877
сравниться_INFN,0.0005141841961897877
полёт_NOUN,0.0005141841961897877
декабрь_NOUN,0.0005141841961897877
эмоция_NOUN,0.0005141841961897877
оптик_NOUN,0.0005141841961897877
ядро_NOUN,0.0005087722480258211
мерка_NOUN,0.0004911484818599021
исключение_NOUN,0.0004911484818599021
деньга_NOUN,0.0004879118701092303
выполнить_INFN,0.0004601164131507859
разумный_ADJF,0.0004600738298661765
заканчиваться_INFN,0.0004600738298661765
наворотить_INFN,0.0004600738298661765
копия_NOUN,0.0004600738298661765
гэлаксить_INFN,0.0004600738298661765
слушать_INFN,0.000458839867234791
ладонь_NOUN,0.0004521374339351802
точно_ADVB,0.0004448843592255542
пиксель_NOUN,0.00042800920422282954
взгляд_NOUN,0.00042306372463005913
собеседник_NOUN,0.0004171980614047458
описывать_INFN,0.0004168164589138904
кореец_NOUN,0.0004168164589138904
показатель_NOUN,0.0004168164589138904
приобрести_INFN,0.0004046513225270496
тяжёлый_ADJF,0.0003981776940919691
напоминать_INFN,0.0003814521760676972
гироскоп_NOUN,0.0003814521760676972
видеоплеер_NOUN,0.0003814521760676972
услышать_INFN,0.0003697035777634414
перчатка_NOUN,0.0003697035777634414
техника_NOUN,0.0003697035777634414
находить_INFN,0.0003631559067612204
выпускать_INFN,0.0003529357350266123
зависимость_NOUN,0.00035200770981745594
опыт_NOUN,0.0003378188745258985
интересно_ADVB,0.0003271169491176972
основный_ADJF,0.00032596379537668495
подробно_ADVB,0.00030646616872986626
мысль_NOUN,0.00030646616872986626
удивлять_INFN,0.00030646616872986626
тонкость_NOUN,0.00030646616872986626
обратный_ADJF,0.0003058041003645261
наворот_NOUN,0.0003058041003645261
однозначно_ADVB,0.0003058041003645261
отзываться_INFN,0.0003058041003645261
вобщий_ADJF,0.0002898180381439761
согласный_NOUN,0.00028735358158176393
ноут_NOUN,0.00028735358158176393
счёт_NOUN,0.00028196961617140776
аппарат_NOUN,0.0002721503772789022
скол_NOUN,0.00027214647180289294
довести_INFN,0.00027214647180289294
скрин_NOUN,0.00027214647180289294
перевернуть_INFN,0.00027214647180289294
твиттереть_INFN,0.00027214647180289294
скрепить_INFN,0.00027214647180289294
светить_INFN,0.00027214647180289294
подвести_INFN,0.00027214647180289294
идеал_NOUN,0.00027214647180289294
огрызок_NOUN,0.00027214647180289294
крутить_INFN,0.00027214647180289294
слава_NOUN,0.00027214647180289294
назад_ADVB,0.00025958548149185724
навитело_NOUN,0.00025701906717124636
намного_ADVB,0.00025426502338820575
сутки_NOUN,0.00024861980761837186
нокий_NOUN,0.00024508450620977366
прежний_ADJF,0.00024508450620977366
мобильник_NOUN,0.00024508450620977366
тусклый_ADJF,0.00024508450620977366
прямо_ADVB,0.00023552868152694988
последствие_NOUN,0.00022320663501636446
радоваться_INFN,0.00022320663501636446
надёжно_ADVB,0.00022320663501636446
настолько_ADVB,0.00022300871572491734
удачный_ADJF,0.00020555852418509707
производство_NOUN,0.00020516048630910743
оправдывать_INFN,0.00020516048630910743
будущее_NOUN,0.00020516048630910743
выполнять_INFN,0.0001979916560960202
читалка_NOUN,0.0001979916560960202
подойти_INFN,0.00019106824817399136
выдавать_INFN,0.0001903764563067422
субъективно_ADVB,0.0001900264471867965
мощь_NOUN,0.0001900264471867965
ребёнок_NOUN,0.00018471108544691455
проигрыватель_NOUN,0.00018392256721729578
удар_NOUN,0.00017715738264489155
флешек_NOUN,0.00017563180880076048
аппаратный_ADJF,0.00017344383196488935
подзарядка_NOUN,0.0001684303793690143
стоялый_ADJF,0.00016608467768011622
юзать_INFN,0.00016377334898066016
лазить_INFN,0.00015646065019327618
долгий_ADJF,0.00015253929475785683
разъём_NOUN,0.00014711919388719297
небольшой_ADJF,0.00014553218440338623
аккума_NOUN,0.00014473382089290926
радио_NOUN,0.00014391297814320665
задать_INFN,0.0001406130315928618
конвертация_NOUN,0.0001406130315928618
выигрывать_INFN,0.0001406130315928618
флешка_NOUN,0.0001406130315928618
бегать_INFN,0.0001406130315928618
обработка_NOUN,0.0001406130315928618
период_NOUN,0.0001406130315928618
вьетнам_NOUN,0.0001406130315928618
физический_ADJF,0.0001406130315928618
многое_ADJF,0.0001406130315928618
синхронизировать_INFN,0.0001406130315928618
способность_NOUN,0.0001406130315928618
вряд_ADVB,0.0001406130315928618
фпс_NOUN,0.0001406130315928618
канал_NOUN,0.0001406130315928618
требовательный_ADJF,0.0001406130315928618
дорога_NOUN,0.00014056525022717993
твёрдый_ADJF,0.00014056525022717993
набор_NOUN,0.00014053680400416687
дорого_ADVB,0.00012799385221538286
москва_NOUN,0.00012799385221538286
громкость_NOUN,0.00012503424191129034
перечисленный_ADJF,0.00012332515494671144
объёмный_ADJF,0.00012332515494671144
потянуть_INFN,0.00012332515494671144
текущий_ADJF,0.00012332515494671144
адаптер_NOUN,0.00012332515494671144
уверенный_ADJF,0.00012265063012879235
платформа_NOUN,0.0001166122268850067
повториться_INFN,0.00010991334940150768
слепнуть_INFN,0.00010991334940150768
продержаться_INFN,0.00010991334940150768
появление_NOUN,0.00010991334940150768
поискать_INFN,0.00010991334940150768
вплоть_ADVB,0.00010991334940150768
дождь_NOUN,0.00010991334940150768
задумываться_INFN,0.00010991334940150768
потреблять_INFN,0.00010991334940150768
евротест_NOUN,0.00010991334940150768
значительно_ADVB,0.00010576573301242366
продвинуть_INFN,9.921479424593427e-05
агент_NOUN,9.921479424593427e-05
корейский_ADJF,9.921479424593427e-05
миллион_NOUN,9.921479424593427e-05
разбиться_INFN,9.921479424593427e-05
мобильный_ADJF,9.472389265269703e-05
выделить_INFN,9.37940156769455e-05
лишний_ADJF,9.32390356075318e-05
голос_NOUN,9.133456347712099e-05
выставить_INFN,9.048951266371425e-05
тип_NOUN,8.72130264813233e-05
впервые_ADVB,8.324418677734333e-05
мегафон_NOUN,8.324418677734333e-05
энергопотребление_NOUN,8.324418677734333e-05
подобрать_INFN,8.324418677734333e-05
защитить_INFN,7.1924870407197e-05
виртуальный_ADJF,7.1924870407197e-05
печатать_INFN,7.1924870407197e-05
середина_NOUN,7.1924870407197e-05
домашний_ADJF,7.1924870407197e-05
аккуратно_ADVB,6.742803602846521e-05
плотно_ADVB,6.351261406878989e-05
наблюдать_INFN,6.351261406878989e-05
тест_NOUN,6.351261406878989e-05
норма_NOUN,5.938514533107807e-05
долго_ADVB,5.784132909910495e-05
диктофон_NOUN,5.7038400502988214e-05
кадр_NOUN,5.7038400502988214e-05
резистивный_ADJF,5.7038400502988214e-05
нокиа_NOUN,5.5269010676383404e-05
заметка_NOUN,5.433680635344458e-05
почитать_INFN,5.433680635344458e-05
поддерживать_INFN,5.023651523495114e-05
реальный_ADJF,4.77898822153292e-05
след_NOUN,4.6013972886767765e-05
флэшка_NOUN,4.157719926970304e-05
доступный_ADJF,3.397350084098572e-05
блютуз_NOUN,3.330717596331451e-05
почта_NOUN,3.0150104535595892e-05
иметься_INFN,2.9737379112713506e-05
основной_ADJF,2.9737379112713506e-05
обновить_INFN,2.8333119638411348e-05
подобие_NOUN,2.628514142423293e-05
блютуса_NOUN,2.628514142423293e-05
обладать_INFN,2.628514142423293e-05
оценка_NOUN,2.628514142423293e-05
пугаться_INFN,2.628514142423293e-05
цветной_ADJF,2.628514142423293e-05
искажение_NOUN,2.628514142423293e-05
экранный_ADJF,2.628514142423293e-05
гласс_NOUN,2.628514142423293e-05
дискомфорт_NOUN,2.628514142423293e-05
париться_INFN,2.628514142423293e-05
лететь_INFN,2.628514142423293e-05
защищать_INFN,2.628514142423293e-05
стандартно_ADVB,2.628514142423293e-05
флагман_NOUN,2.5541883376690392e-05
просмотр_NOUN,2.521343571686874e-05
слышный_ADJF,2.5001939360678188e-05
разъесть_INFN,2.498922127342107e-05
скачать_INFN,2.4922888488729264e-05
освещение_NOUN,2.4663025378864785e-05
тысяча_NOUN,2.4575229398310648e-05
видеозвонок_NOUN,2.143041855815226e-05
программка_NOUN,2.143041855815226e-05
смешной_ADJF,2.143041855815226e-05
увеличиться_INFN,2.143041855815226e-05
черта_NOUN,2.143041855815226e-05
вафля_NOUN,2.143041855815226e-05
надежда_NOUN,2.143041855815226e-05
алюминиевый_ADJF,2.143041855815226e-05
запчасть_NOUN,1.7754303361935185e-05
прослужить_INFN,1.7754303361935185e-05
светов_NOUN,1.7754303361935185e-05
отображение_NOUN,1.4884604591025656e-05
видеовызов_NOUN,1.4884604591025656e-05
плейер_NOUN,1.4884604591025656e-05
копейка_NOUN,1.4884604591025656e-05
называть_INFN,1.4884604591025656e-05
фронталка_NOUN,1.4884604591025656e-05
понт_NOUN,1.4884604591025656e-05
предложение_NOUN,1.2590918141666595e-05
сотня_NOUN,1.2590918141666595e-05
ващий_ADJF,1.0722980467943874e-05
увеличивать_INFN,1.0722980467943874e-05
гладкий_ADJF,1.0722980467943874e-05
серия_NOUN,9.178612358649086e-06
полностью_ADVB,6.8561432891596565e-06
глобальный_ADJF,5.860665735892499e-06
нынешний_ADJF,5.060226467336655e-06
кнопочка_NOUN,1.7324983793853997e-06
энергосбережение_NOUN,1.4627552711450945e-06
жаловаться_INFN,1.2262792557629114e-06
дневный_ADJF,8.38612854203555e-07
объём_NOUN,6.814379459324739e-07
акселерометр_NOUN,4.2838661680062194e-07
условие_NOUN,1.7461152933102398e-07
программный_ADJF,0.0
