term,chi_square
хороший_ADJF,2047.939907049581
отличный_ADJF,1680.5137452923839
удобный_ADJF,1086.981531989856
дизайн_NOUN,840.304833894356
звук_NOUN,677.5890673548486
яркий_ADJF,668.8283130551644
экран_NOUN,599.5717570564083
качество_NOUN,583.4074458742082
громкий_ADJF,557.2126741917205
достоинство_NOUN,439.3292383408921
камера_NOUN,437.47694832793707
неплохой_ADJF,414.9544476217695
качественный_ADJF,405.3356664189126
шустрый_ADJF,379.37336350564647
красивый_ADJF,373.2998031566749
большой_ADJF,357.9626308179641
лёгкий_ADJF,323.03319963131366
быстрый_ADJF,320.2551324717152
отлично_ADVB,310.44262948560595
цена_NOUN,300.98052265728154
приятный_ADJF,287.92642180955494
удобно_ADVB,276.68940488401853
супер_ADJF,263.8188319324792
дисплей_NOUN,238.38499317492673
чёткий_ADJF,236.29898564103135
скорость_NOUN,235.88567668160184
радовать_INFN,224.32793386816684
производительность_NOUN,205.81369391548782
лежать_INFN,200.60291299624492
стильный_ADJF,198.58589180729456
процессор_NOUN,191.09406234601724
сборка_NOUN,185.0235181544302
мощный_ADJF,184.60169531070397
очень_ADVB,177.56692919373077
достаточно_ADVB,175.3419852980296
размер_NOUN,169.26190831772016
порадовать_INFN,168.53700868455715
сенсор_NOUN,164.7060622909055
вполне_ADVB,163.998340584227
рука_NOUN,162.1211046800208
внешний_ADJF,161.40106738114986
динамика_NOUN,156.20701089687395
наличие_NOUN,154.55670037413435
тонкий_ADJF,152.01383475440278
летать_INFN,148.34027055680122
приятно_ADVB,136.2936081716067
сочный_ADJF,135.99584935903255
видео_NOUN,132.73797211318868
вид_NOUN,131.84054107397967
шикарный_ADJF,123.17939178815605
великолепный_ADJF,118.9986890415637
классный_ADJF,115.53389075056346
высота_NOUN,110.79552004661274
возможность_NOUN,106.78152350482138
удобство_NOUN,106.32727984184231
довольный_ADJF,105.0080079510032
компактный_ADJF,104.63188446277026
замечательный_ADJF,97.13354729677845
смотреть_INFN,95.56326107332741
нравиться_INFN,92.9837261896464
крепкий_ADJF,92.14685591326472
быстродействие_NOUN,90.25180793358656
отзывчивый_ADJF,88.82261843351894
насыщенный_ADJF,88.214324688122
прекрасный_ADJF,87.00905236522335
прочный_ADJF,86.87069165347232
динамик_NOUN,86.6527685881859
довольно_ADVB,86.30349819838041
соотношение_NOUN,85.76718689048508
держать_INFN,85.41883846030666
множество_NOUN,85.11783516630848
достойный_ADJF,84.75480082219877
функциональность_NOUN,81.74591420290416
функция_NOUN,81.00150104561145
полезный_ADJF,80.97688365195656
цвет_NOUN,77.57989988072363
интерфейс_NOUN,76.48791503895237
приличный_ADJF,76.11082138244653
перечислять_INFN,73.85039944966879
железо_NOUN,71.47523304719867
фильм_NOUN,70.7682658202435
прикольный_ADJF,68.72075172790227
потрясать_INFN,68.72075172790227
понятный_ADJF,67.42231345389683
поддержка_NOUN,65.71532862015333
огромный_ADJF,63.517714466953464
сканер_NOUN,63.36941159809912
симпатичный_ADJF,61.53953277164075
звучание_NOUN,61.237092987784216
высокий_ADJF,59.935304943267994
падать_INFN,59.670512104286686
работа_NOUN,58.83330049984203
простой_NOUN,58.19176587695699
вспышка_NOUN,57.25911207408839
начинка_NOUN,57.18992078188224
цветопередача_NOUN,55.37666154357465
понравиться_INFN,54.85623001862937
превосходный_ADJF,54.35864962398007
недорогой_ADJF,51.281231067696815
перечислить_INFN,51.17922004831102
адекватный_ADJF,50.80012205527441
вес_NOUN,50.68303044250452
чистый_ADJF,50.186493218966994
навигация_NOUN,49.319147139210095
оптимальный_ADJF,48.5493151346816
функциональный_ADJF,48.18966575942084
ощупь_NOUN,47.927625260974104
чувствительный_ADJF,47.60402029649947
неубивать_INFN,47.17810226136613
функционал_NOUN,46.77522641695972
чётко_ADVB,46.542963747485494
простота_NOUN,46.152337190643614
управление_NOUN,46.03615869640539
удовольствие_NOUN,45.45404555933133
обзор_NOUN,45.37168324279955
красочный_ADJF,45.12657897212784
быстрота_NOUN,45.12657897212784
комплектация_NOUN,44.831176442166246
класс_NOUN,44.33687916888737
фишка_NOUN,43.923772326633156
дюйм_NOUN,43.39798021476546
идеальный_ADJF,43.369234117120165
похвала_NOUN,43.075083091441876
прекрасно_ADVB,40.69167798857795
характеристика_NOUN,40.28741473748908
спокойно_ADVB,40.15380800561119
богатый_ADJF,39.997890660247016
фото_NOUN,38.51005946077074
фонарик_NOUN,37.04474655422128
отпечаток_NOUN,36.936441680688425
многофункциональный_ADJF,36.920759895205315
стерео_NOUN,36.913088191903014
андройда_NOUN,35.9164966747479
классно_ADVB,35.89506334346062
всякий_ADJF,35.53182935562331
качественно_ADVB,35.1893494336232
снимать_INFN,34.97635503814704
эргономичный_ADJF,34.869373643236116
нарекание_NOUN,34.232771181807955
устраивать_INFN,34.15614288785502
шустро_ADVB,34.145121391887194
идеально_ADVB,33.648259581467485
наушник_NOUN,33.64442507827311
неплохо_ADVB,33.45332840373456
смотреться_INFN,33.22733959595439
сменный_ADJF,32.81801479707304
тянуть_INFN,32.38500742009698
любой_NOUN,31.90025171885273
привлекательный_ADJF,31.79234565099718
сказка_NOUN,31.79234565099718
куча_NOUN,31.582111764524782
выбор_NOUN,31.352871754499667
компактность_NOUN,30.766683356166908
интересный_ADJF,30.718725437008576
работать_INFN,30.549703775097978
масса_NOUN,30.5413390957016
позволять_INFN,29.949668445402146
гибкий_ADJF,29.741027912513573
смартфон_NOUN,29.069439178907608
ёмкий_ADJF,29.06198885768405
восторг_NOUN,28.885740994233167
надёжный_ADJF,28.689389723729924
мп_NOUN,28.464262877016026
съёмный_ADJF,28.15434852085632
отличие_NOUN,27.775464599141124
разрешение_NOUN,27.761650022693836
интуитивно_ADVB,27.713715175899097
офигенный_ADJF,27.689737578463134
стильно_ADVB,27.689737578463134
обалденный_ADJF,27.689737578463134
рукописный_ADJF,27.689737578463134
график_NOUN,27.689737578463134
уровень_NOUN,27.474759072397145
лопата_NOUN,27.017923477963393
круто_ADVB,26.841422211490755
строгий_ADJF,26.664102687928743
сочетание_NOUN,26.664102687928743
ребристый_ADJF,26.664102687928743
весь_ADJF,26.139527110299912
рынок_NOUN,26.025118515432403
мор_NOUN,25.63847464829671
живой_NOUN,25.577165652866114
ёмкостный_ADJF,25.51216344805097
картинка_NOUN,25.287663498461814
собранный_ADJF,25.040186030622507
люфтит_NOUN,24.69278519677069
достойно_ADVB,24.612853459498396
кафель_NOUN,24.612853459498396
шикарно_ADVB,24.612853459498396
стереодинамика_NOUN,24.612853459498396
проц_NOUN,24.43454903941081
справляться_INFN,24.399620341606266
асфальт_NOUN,24.18191722011474
приемлемый_ADJF,24.151218645091685
достаточный_ADJF,24.064806960135282
прочность_NOUN,24.014601793075144
вещь_NOUN,23.981343293360318
весьма_ADVB,23.82262707716618
надёжность_NOUN,23.641605644071895
съёмка_NOUN,23.52944430681463
конкурент_NOUN,23.521530112594085
андроид_NOUN,22.938067787481927
бесплатный_ADJF,22.880512476650264
великолепно_ADVB,22.56163163412836
панорама_NOUN,22.56163163412836
расширение_NOUN,22.56163163412836
поражать_INFN,22.56163163412836
замедлить_INFN,22.56163163412836
фай_NOUN,22.14057910432577
мыльница_NOUN,21.60315999430788
полноэкранный_ADJF,21.536030997419353
естественный_ADJF,21.536030997419353
дюймовый_ADJF,21.536030997419353
казаться_INFN,21.536030997419353
широкий_ADJF,21.38151612985409
хорошеть_INFN,20.80204671146822
красить_INFN,20.510437211269505
распознавание_NOUN,20.510437211269505
намёк_NOUN,20.510437211269505
многофункциональность_NOUN,20.510437211269505
бомба_NOUN,20.510437211269505
суперский_NOUN,20.510437211269505
чуткий_ADJF,20.510437211269505
пульт_NOUN,20.405682748911
живучий_ADJF,20.299922151264866
фронтальный_ADJF,20.143139737183628
сенсорный_ADJF,20.122589836650043
диагональ_NOUN,19.779249131464738
отменный_ADJF,19.484850275610174
оценить_INFN,19.484850275610174
вакуумный_ADJF,19.484850275610174
влитой_ADJF,19.484850275610174
удивление_NOUN,19.484850275610174
несомненно_ADVB,19.484850275610174
плавно_ADVB,19.43085508705793
никакой_ADJF,18.62277287333963
крепко_ADVB,18.45927019037273
стойкий_ADJF,18.45927019037273
солидно_ADVB,18.45927019037273
обеспечивать_INFN,18.45927019037273
насыщенность_NOUN,18.45927019037273
изготовление_NOUN,17.600115960420815
автономность_NOUN,17.600115960420815
откликаться_INFN,17.43369695548853
плитка_NOUN,17.43369695548853
подарить_INFN,17.43369695548853
впечатлять_INFN,17.43369695548853
плюшка_NOUN,17.43369695548853
антут_NOUN,17.43369695548853
стабильный_ADJF,17.386688882195358
мощность_NOUN,17.124718594549183
выглядеть_INFN,17.080945181391108
скользить_INFN,17.050076887419714
ронять_INFN,16.911913962126736
угодный_ADJF,16.820629943949694
слышимость_NOUN,16.760339139608693
производительный_ADJF,16.664939422951115
социальный_ADJF,16.40813057088894
заточить_INFN,16.40813057088894
мегапиксельный_ADJF,16.40813057088894
солидный_ADJF,16.40813057088894
разнообразный_ADJF,16.40813057088894
пятёрка_NOUN,16.40813057088894
мпикс_NOUN,16.40813057088894
минеральный_ADJF,16.40813057088894
формат_NOUN,16.36855528828124
умный_ADJF,16.20176640237171
исполнение_NOUN,15.88339755533168
сравнение_NOUN,15.827054824830471
ценовый_ADJF,15.79410962723913
крутой_ADJF,15.765074464299206
фотография_NOUN,15.527206254591311
отрабатывать_INFN,15.382571036505329
сравнимый_ADJF,15.382571036505329
контрастность_NOUN,15.382571036505329
прелесть_NOUN,15.382571036505329
ложиться_INFN,15.382571036505329
безопасность_NOUN,15.382571036505329
добротный_ADJF,15.382571036505329
шик_NOUN,15.382571036505329
удивлённый_ADJF,15.382571036505329
навигатор_NOUN,15.37026807435655
орать_INFN,14.7976172943013
комплект_NOUN,14.779942273754736
устойчивый_ADJF,14.528810382464323
прикосновение_NOUN,14.507528763258453
интеллектуальный_ADJF,14.357018352269062
мультимедиа_NOUN,14.357018352269062
улучшить_INFN,14.357018352269062
практичный_ADJF,14.357018352269062
интуитивный_ADJF,14.357018352269062
влюбиться_INFN,14.357018352269062
невероятно_ADVB,14.357018352269062
рифлёный_ADJF,14.357018352269062
нарадоваться_INFN,14.357018352269062
разнообразие_NOUN,14.357018352269062
лихва_NOUN,14.357018352269062
сомневаться_INFN,14.357018352269062
вкус_NOUN,14.33122302573518
габарит_NOUN,14.33122302573518
описать_INFN,14.316352734351277
немой_ADJF,14.305278889787935
внешне_ADVB,14.152409990342385
контрастный_ADJF,14.006962383370622
лёгкость_NOUN,14.006962383370622
пожалеть_INFN,13.784818639925673
категория_NOUN,13.705239592737495
модель_NOUN,13.579628520992669
аудио_NOUN,13.481774771066718
технология_NOUN,13.481774771066718
запас_NOUN,13.395484871116583
покрытие_NOUN,13.389532581495594
редкость_NOUN,13.331472518111507
снег_NOUN,13.331472518111507
отпасть_INFN,13.331472518111507
красота_NOUN,13.331472518111507
ударопрочный_ADJF,13.331472518111507
остановиться_INFN,13.331472518111507
телек_NOUN,13.331472518111507
отзывчивость_NOUN,13.331472518111507
мбитый_ADJF,13.331472518111507
скоростной_ADJF,13.331472518111507
суперскай_NOUN,13.331472518111507
огонь_NOUN,13.331472518111507
пользовать_INFN,13.331472518111507
нужда_NOUN,13.331472518111507
клевый_ADJF,13.331472518111507
мультимедийный_ADJF,13.331472518111507
мышь_NOUN,13.331472518111507
эргономика_NOUN,13.296765676030965
количество_NOUN,13.262705062455726
уступать_INFN,13.136299767732961
удивить_INFN,13.048485383072787
беспроводный_ADJF,13.01116851162558
голосовой_ADJF,12.613305151783218
айфон_NOUN,12.459554182466766
автофокус_NOUN,12.32159269889348
уйма_NOUN,12.305933533964032
дизаин_NOUN,12.305933533964032
изумительный_ADJF,12.305933533964032
новенький_ADJF,12.305933533964032
курить_INFN,12.305933533964032
служить_INFN,12.305933533964032
редактор_NOUN,12.305933533964032
гибкость_NOUN,12.305933533964032
приемлить_INFN,12.305933533964032
юзал_NOUN,12.305933533964032
сносный_ADJF,12.305933533964032
новинка_NOUN,12.305933533964032
популярность_NOUN,12.305933533964032
превосходно_ADVB,12.305933533964032
разогнать_INFN,12.305933533964032
прорезиненный_ADJF,12.305933533964032
барометр_NOUN,12.305933533964032
преимущество_NOUN,12.276077589135697
лёгкое_NOUN,12.086983154165349
правильный_ADJF,11.845067886627751
царапинка_NOUN,11.844541353280981
спутник_NOUN,11.718262342263143
ввод_NOUN,11.633294319987908
фоткаета_NOUN,11.425205105671942
объесть_INFN,11.314601417259915
элегантный_ADJF,11.280401399758006
класный_ADJF,11.280401399758006
изящный_ADJF,11.280401399758006
собрать_INFN,11.280401399758006
привет_NOUN,11.280401399758006
читаемый_ADJF,11.280401399758006
яблофон_NOUN,11.280401399758006
тактильный_ADJF,11.280401399758006
серфить_INFN,11.280401399758006
конкуренция_NOUN,11.280401399758006
андрюша_NOUN,11.280401399758006
шершавый_ADJF,11.280401399758006
этаж_NOUN,11.280401399758006
пупереть_INFN,11.280401399758006
голый_ADJF,11.280401399758006
заслуживать_INFN,11.280401399758006
кайф_NOUN,11.280401399758006
попугай_NOUN,11.280401399758006
максимально_ADVB,11.280401399758006
читать_INFN,11.07394301716854
штука_NOUN,11.018827515423316
бесплатно_ADVB,10.962271540767528
похожий_ADJF,10.961752475517198
действительно_ADVB,10.862304350606841
сегодняшний_ADJF,10.793662429027101
свой_ADJF,10.602249457964769
сравнивать_INFN,10.578640846289428
жест_NOUN,10.57111265382076
ложный_ADJF,10.2548761154248
рад_ADJS,10.2548761154248
расписать_INFN,10.2548761154248
панорамный_ADJF,10.2548761154248
внешность_NOUN,10.2548761154248
рассказать_INFN,10.2548761154248
май_NOUN,10.2548761154248
рекорд_NOUN,10.2548761154248
непрерывный_ADJF,10.2548761154248
видио_NOUN,10.2548761154248
всяческий_ADJF,10.2548761154248
немаловажный_ADJF,10.2548761154248
лаконичный_ADJF,10.2548761154248
чуствительный_ADJF,10.2548761154248
ничуть_ADVB,10.2548761154248
кастомизация_NOUN,10.2548761154248
сбалансированный_ADJF,10.2548761154248
гелаксить_INFN,10.2548761154248
база_NOUN,10.2548761154248
коммуникация_NOUN,10.2548761154248
четвёрка_NOUN,10.2548761154248
кастома_NOUN,10.2548761154248
удобность_NOUN,10.2548761154248
мгновенный_ADJF,10.2548761154248
выпуск_NOUN,10.2548761154248
мышка_NOUN,10.2548761154248
космос_NOUN,10.2548761154248
двухъядерный_ADJF,10.2548761154248
счастливый_ADJF,10.2548761154248
улучшение_NOUN,10.2548761154248
слежение_NOUN,10.2548761154248
гармин_NOUN,10.2548761154248
настраиваться_INFN,10.243019465601996
технический_ADJF,10.03610466182092
планшет_NOUN,10.03610466182092
число_NOUN,9.971081876328304
плавность_NOUN,9.921328392149082
телефончик_NOUN,9.921328392149082
сей_VERB,9.911804692085674
палец_NOUN,9.845773017089032
необходимый_ADJF,9.720620113995441
выше_ADVB,9.508322228334235
разный_ADJF,9.490659501709109
многий_ADJF,9.425184905521514
оранжевый_ADJF,9.229357680895786
круча_NOUN,9.229357680895786
автомат_NOUN,9.229357680895786
разие_NOUN,9.229357680895786
похвастаться_INFN,9.229357680895786
ежедневный_ADJF,9.229357680895786
классический_ADJF,9.229357680895786
цифровик_NOUN,9.229357680895786
сообщество_NOUN,9.229357680895786
вперёд_ADVB,9.229357680895786
неубиваемость_NOUN,9.229357680895786
наслаждаться_INFN,9.229357680895786
схожий_ADJF,9.229357680895786
улыбка_NOUN,9.229357680895786
блёкнуть_INFN,9.229357680895786
миниатюрный_ADJF,9.229357680895786
ожидаться_INFN,9.229357680895786
логично_ADVB,9.229357680895786
соответствующий_ADJF,9.229357680895786
пикс_NOUN,9.229357680895786
шустренький_ADJF,9.229357680895786
род_NOUN,9.229357680895786
развлечение_NOUN,9.229357680895786
презентабельный_ADJF,9.229357680895786
клип_NOUN,9.229357680895786
строго_ADVB,9.229357680895786
поиграться_INFN,9.229357680895786
зверь_NOUN,9.229357680895786
лёд_NOUN,9.229357680895786
пролёт_NOUN,9.229357680895786
отдыхать_INFN,9.229357680895786
эффектно_ADVB,9.229357680895786
блеск_NOUN,9.229357680895786
поднести_INFN,9.229357680895786
брелок_NOUN,9.229357680895786
галактика_NOUN,9.208455219928874
кино_NOUN,9.192521318963793
светодиодный_ADJF,9.192521318963793
земля_NOUN,8.987279481860098
различный_ADJF,8.97718087623999
чёткость_NOUN,8.910056762581847
нигде_ADVB,8.910056762581847
сеять_INFN,8.882354053050076
желание_NOUN,8.859895225297223
красиво_ADVB,8.846398515120702
форма_NOUN,8.846294719212068
современный_ADJF,8.813329520098117
бренд_NOUN,8.71676216863932
всевозможный_ADJF,8.71676216863932
отзыв_NOUN,8.698869990960308
бюджетный_ADJF,8.557594082835283
толщина_NOUN,8.557594082835283
доступ_NOUN,8.472353477142285
гб_NOUN,8.37514227947104
аксессуар_NOUN,8.371268828474811
цвета_NOUN,8.295062170380563
отменно_ADVB,8.203846096102335
плотный_ADJF,8.203846096102335
ясный_ADJF,8.203846096102335
этикет_NOUN,8.203846096102335
отлететь_INFN,8.203846096102335
мессенджер_NOUN,8.203846096102335
плотность_NOUN,8.203846096102335
требование_NOUN,8.203846096102335
безупречный_ADJF,8.203846096102335
долговечный_ADJF,8.203846096102335
перечесть_INFN,8.203846096102335
хорошый_ADJF,8.203846096102335
гуд_NOUN,8.203846096102335
улёт_NOUN,8.203846096102335
достоинст_NOUN,8.203846096102335
полезно_ADVB,8.203846096102335
обладатель_NOUN,8.203846096102335
резвый_ADJF,8.203846096102335
оценивать_INFN,8.203846096102335
хорошоя_NOUN,8.203846096102335
прогресс_NOUN,8.203846096102335
пакет_NOUN,8.203846096102335
айфоновский_ADJF,8.203846096102335
протереть_INFN,8.203846096102335
болтать_INFN,8.203846096102335
устойчивость_NOUN,8.203846096102335
сторонка_NOUN,8.203846096102335
природа_NOUN,8.203846096102335
фантастический_ADJF,8.203846096102335
забавно_ADVB,8.203846096102335
сын_NOUN,8.203846096102335
твой_ADJF,8.203846096102335
открытость_NOUN,8.203846096102335
бетон_NOUN,8.203846096102335
прикладывать_INFN,8.203846096102335
щас_ADVB,8.203846096102335
макросъемка_NOUN,8.203846096102335
вера_NOUN,8.203846096102335
закалить_INFN,8.203846096102335
эргономичность_NOUN,8.203846096102335
видеоускоритель_NOUN,8.203846096102335
сериал_NOUN,8.203846096102335
небыть_INFN,8.203846096102335
тыловой_ADJF,8.203846096102335
двухядерный_ADJF,8.203846096102335
свобода_NOUN,8.203846096102335
лидер_NOUN,8.203846096102335
доступность_NOUN,8.203846096102335
молодец_NOUN,8.203846096102335
ядовитый_ADJF,8.203846096102335
регистратор_NOUN,8.203846096102335
экономичный_ADJF,8.203846096102335
сочность_NOUN,8.203846096102335
органайзер_NOUN,8.203846096102335
владеть_INFN,8.203846096102335
безглючность_NOUN,8.203846096102335
пригодный_ADJF,8.203846096102335
широкоформатный_ADJF,8.203846096102335
отдача_NOUN,8.203846096102335
стереозвук_NOUN,8.203846096102335
шрифт_NOUN,8.175759169727987
текст_NOUN,8.168482368674587
видеокамера_NOUN,8.14227722945557
музыка_NOUN,8.075199336967453
многозадачность_NOUN,8.043164246563821
ловить_INFN,7.998263120156121
отметить_INFN,7.921344040210172
обращение_NOUN,7.899681678740326
сравнительно_ADVB,7.896369064992562
единый_ADJF,7.896369064992562
управлять_INFN,7.855147360849906
игрушка_NOUN,7.7676064113603545
целое_NOUN,7.7620141364213415
аналог_NOUN,7.4847314911054275
выдерживать_INFN,7.358140786119172
пользоваться_INFN,7.268696299858924
телевизор_NOUN,7.212278212815191
комфортно_ADVB,7.202326788749722
чтение_NOUN,7.181384871308361
сенсера_NOUN,7.178341360975822
открыто_ADVB,7.178341360975822
молниеносный_ADJF,7.178341360975822
оффлайна_NOUN,7.178341360975822
стыдно_ADVB,7.178341360975822
равный_ADJF,7.178341360975822
ванна_NOUN,7.178341360975822
присоединяться_INFN,7.178341360975822
продолжительный_ADJF,7.178341360975822
обожать_INFN,7.178341360975822
вёдро_NOUN,7.178341360975822
совесть_NOUN,7.178341360975822
сёрфинга_NOUN,7.178341360975822
оочень_ADVB,7.178341360975822
басс_NOUN,7.178341360975822
истечение_NOUN,7.178341360975822
нереальный_ADJF,7.178341360975822
симпотичный_ADJF,7.178341360975822
бесподобный_ADJF,7.178341360975822
милый_ADJF,7.178341360975822
сидение_NOUN,7.178341360975822
молодёжный_ADJF,7.178341360975822
облегчать_INFN,7.178341360975822
гладко_ADVB,7.178341360975822
настоящее_NOUN,7.178341360975822
проводы_NOUN,7.178341360975822
мужской_ADJF,7.178341360975822
мокрый_ADJF,7.178341360975822
удивиться_INFN,7.178341360975822
мультимедия_NOUN,7.178341360975822
выносливый_ADJF,7.178341360975822
учёба_NOUN,7.178341360975822
обрадовать_INFN,7.178341360975822
брюки_NOUN,7.178341360975822
моделька_NOUN,7.178341360975822
закос_NOUN,7.178341360975822
ломать_INFN,7.178341360975822
пейзаж_NOUN,7.178341360975822
продолжительность_NOUN,7.178341360975822
поезд_NOUN,7.178341360975822
горил_NOUN,7.178341360975822
наиболее_ADVB,7.178341360975822
превосходить_INFN,7.178341360975822
икран_NOUN,7.178341360975822
агрегат_NOUN,7.178341360975822
составить_INFN,7.178341360975822
невероятный_ADJF,7.178341360975822
процесор_NOUN,7.178341360975822
август_NOUN,7.178341360975822
нецарапаться_INFN,7.178341360975822
вкупе_ADVB,7.178341360975822
простор_NOUN,7.178341360975822
поставляться_INFN,7.178341360975822
способный_ADJF,7.178341360975822
оттягивать_INFN,7.178341360975822
видимый_ADJF,7.178341360975822
ретина_NOUN,7.178341360975822
лыжа_NOUN,7.178341360975822
выдающийся_ADJF,7.178341360975822
мощьный_ADJF,7.178341360975822
отпадать_INFN,7.178341360975822
сомнение_NOUN,7.178341360975822
роль_NOUN,7.178341360975822
распространить_INFN,7.178341360975822
вытекать_INFN,7.178341360975822
прорыв_NOUN,7.178341360975822
видеорегистратор_NOUN,7.178341360975822
пиксельный_ADJF,7.178341360975822
играться_INFN,7.178341360975822
персонализация_NOUN,7.178341360975822
залить_INFN,7.178341360975822
безупречно_ADVB,7.178341360975822
натуральный_ADJF,7.178341360975822
интенсивность_NOUN,7.178341360975822
отпад_NOUN,7.178341360975822
монолитный_ADJF,7.178341360975822
русифицировать_INFN,7.178341360975822
гиговый_NOUN,7.178341360975822
студент_NOUN,7.178341360975822
стартовать_INFN,7.178341360975822
фотоснимок_NOUN,7.178341360975822
критерий_NOUN,7.178341360975822
компас_NOUN,7.178341360975822
приложить_INFN,7.178341360975822
актуально_ADVB,7.178341360975822
оптика_NOUN,7.178341360975822
необычный_ADJF,7.178341360975822
айти_INFN,7.178341360975822
сяомь_NOUN,7.178341360975822
венгрия_NOUN,7.178341360975822
зрение_NOUN,7.147014681174995
матрица_NOUN,7.147014681174995
маркета_NOUN,6.974280882163265
подарок_NOUN,6.858711958840478
люба_NOUN,6.579628939481261
стабильно_ADVB,6.408587619022922
оболочка_NOUN,6.339574460076536
уверенно_ADVB,6.306893559897017
изображение_NOUN,6.241143584546652
ядерный_ADJF,6.2199350575117
снимок_NOUN,6.164423134963992
медиатор_NOUN,6.154165548848449
чушь_NOUN,6.15284347544762
подробный_ADJF,6.15284347544762
музона_NOUN,6.15284347544762
промахнуться_INFN,6.15284347544762
коллега_NOUN,6.15284347544762
масштабирование_NOUN,6.15284347544762
спорт_NOUN,6.15284347544762
зеркало_NOUN,6.15284347544762
незаметный_ADJF,6.15284347544762
новичок_NOUN,6.15284347544762
водить_INFN,6.15284347544762
давольный_ADJF,6.15284347544762
модный_ADJF,6.15284347544762
присутствие_NOUN,6.15284347544762
гамма_NOUN,6.15284347544762
добраться_INFN,6.15284347544762
парочка_NOUN,6.15284347544762
компьютерный_ADJF,6.15284347544762
метровый_ADJF,6.15284347544762
освоение_NOUN,6.15284347544762
здоровый_ADJF,6.15284347544762
сенсорник_NOUN,6.15284347544762
экономный_ADJF,6.15284347544762
квадрат_NOUN,6.15284347544762
логичный_ADJF,6.15284347544762
юзабилить_INFN,6.15284347544762
изучать_INFN,6.15284347544762
металический_NOUN,6.15284347544762
вуаля_NOUN,6.15284347544762
дополнение_NOUN,6.15284347544762
гонять_INFN,6.15284347544762
меркнуть_INFN,6.15284347544762
непрерывно_ADVB,6.15284347544762
потрясный_ADJF,6.15284347544762
бетонный_ADJF,6.15284347544762
должное_NOUN,6.15284347544762
детский_ADJF,6.15284347544762
спереди_ADVB,6.15284347544762
современно_ADVB,6.15284347544762
распознование_NOUN,6.15284347544762
роутер_VERB,6.15284347544762
применение_NOUN,6.15284347544762
ля_NOUN,6.15284347544762
текстовый_ADJF,6.15284347544762
ударостойкий_ADJF,6.15284347544762
оптимально_ADVB,6.15284347544762
монолит_NOUN,6.15284347544762
топить_INFN,6.15284347544762
обширный_ADJF,6.15284347544762
дисплэй_NOUN,6.15284347544762
электроника_NOUN,6.15284347544762
резестивный_ADJF,6.15284347544762
отдых_NOUN,6.15284347544762
нисколько_ADVB,6.15284347544762
скромный_ADJF,6.15284347544762
шаг_NOUN,6.15284347544762
сестра_NOUN,6.15284347544762
вспоминать_INFN,6.15284347544762
инженер_NOUN,6.15284347544762
указанный_ADJF,6.15284347544762
украсть_INFN,6.15284347544762
грамотный_ADJF,6.15284347544762
многократно_ADVB,6.15284347544762
прошиться_INFN,6.15284347544762
испытывать_INFN,6.15284347544762
внушительный_ADJF,6.15284347544762
упомянуть_INFN,6.15284347544762
великое_NOUN,6.15284347544762
цикл_NOUN,6.15284347544762
разьё_NOUN,6.15284347544762
контраст_NOUN,6.15284347544762
долговечность_NOUN,6.15284347544762
демократичный_ADJF,6.15284347544762
интеграция_NOUN,6.15284347544762
завод_NOUN,6.15284347544762
мегапикс_NOUN,6.15284347544762
заявлять_INFN,6.15284347544762
привлекать_INFN,6.15284347544762
пресловутый_ADJF,6.15284347544762
выцветать_INFN,6.15284347544762
танк_NOUN,6.15284347544762
напрягаться_INFN,6.15284347544762
расширять_INFN,6.15284347544762
привязка_NOUN,6.15284347544762
грамм_NOUN,6.15284347544762
респект_NOUN,6.15284347544762
фанат_NOUN,6.15284347544762
толстой_NOUN,6.15284347544762
многочисленный_ADJF,6.15284347544762
самса_NOUN,6.15284347544762
заслуга_NOUN,6.15284347544762
бонус_NOUN,6.15284347544762
совместимость_NOUN,6.15284347544762
регулярный_ADJF,6.15284347544762
выжать_INFN,6.15284347544762
дотянуться_INFN,6.15284347544762
нервно_ADVB,6.15284347544762
игрух_NOUN,6.15284347544762
рвать_INFN,6.15284347544762
слепить_INFN,6.15284347544762
пробывать_INFN,6.15284347544762
одежда_NOUN,6.15284347544762
жалоба_NOUN,6.15284347544762
обходиться_INFN,6.15284347544762
фронт_NOUN,6.15284347544762
сопоставимый_ADJF,6.15284347544762
самолёт_NOUN,6.15284347544762
поднесение_NOUN,6.15284347544762
немало_ADVB,6.15284347544762
луч_NOUN,6.15284347544762
актуальность_NOUN,6.15284347544762
весной_ADVB,6.15284347544762
офигительный_ADJF,6.15284347544762
привезти_INFN,6.15284347544762
алюминий_NOUN,6.15284347544762
улучшать_INFN,6.15284347544762
округлый_ADJF,6.15284347544762
эталон_NOUN,6.15284347544762
предостаточно_ADVB,6.15284347544762
аудиочип_NOUN,6.15284347544762
позволить_INFN,6.15284347544762
ругать_INFN,6.15284347544762
видеосъёмка_NOUN,6.15284347544762
светодиод_NOUN,6.15284347544762
относить_INFN,6.15284347544762
совершенный_ADJF,6.15284347544762
творить_INFN,6.15284347544762
отличать_INFN,6.15284347544762
новшество_NOUN,6.15284347544762
профессиональный_ADJF,6.15284347544762
инфракрасный_ADJF,6.15284347544762
битный_ADJF,6.15284347544762
карл_NOUN,6.15284347544762
убийца_NOUN,6.15284347544762
звучать_INFN,6.049896483168947
вайфай_NOUN,5.947654454964605
передача_NOUN,5.922160238384997
прочий_ADJF,5.878420460785442
днём_ADVB,5.863979226923499
балл_NOUN,5.845600166542487
линейка_NOUN,5.845600166542487
цифровой_ADJF,5.845600166542487
прилично_ADVB,5.8036128103250215
тв_NOUN,5.784756332550123
чувствительность_NOUN,5.692445075914024
др_NOUN,5.692445075914024
частота_NOUN,5.527064034893118
стабильность_NOUN,5.454621515029727
чип_NOUN,5.450251257532549
глонасс_NOUN,5.450251257532549
моментально_ADVB,5.173287762407251
колонка_NOUN,5.173287762407251
плавный_ADJF,5.173287762407251
стиль_NOUN,5.162252755268386
настоящий_ADJF,5.121652927440425
марка_NOUN,5.121652927440425
пора_NOUN,5.086426721958141
другой_ADJF,5.0528038404942475
подключать_INFN,5.026667186296607
девушка_NOUN,4.978178113743089
чудо_NOUN,4.96575147115422
лаг_NOUN,4.894656381565566
панелька_NOUN,4.826785662877977
сметь_INFN,4.80792853247426
небо_NOUN,4.80792853247426
долгоиграющий_ADJF,4.801374793997657
свежий_ADJF,4.801374793997657
настроить_INFN,4.75536215189184
чёрный_NOUN,4.729667704145753
карточка_NOUN,4.679954701646424
тормоз_NOUN,4.644424400115816
яблоко_NOUN,4.632206716841923
мегапиксель_NOUN,4.516956744794019
снимка_NOUN,4.506988288369301
коробка_NOUN,4.461000431180689
близкий_ADJF,4.454596882810377
расстояние_NOUN,4.454596882810377
мгновенно_ADVB,4.4441967571272585
примочка_NOUN,4.422844712620747
комфортный_ADJF,4.422844712620747
общение_NOUN,4.308485531284719
цветок_NOUN,4.308485531284719
порт_NOUN,4.294200589634091
продумать_INFN,4.1791895317324546
фотоаппарат_NOUN,4.135769275155261
точный_ADJF,4.102598898198873
пригодиться_INFN,4.102598898198873
событие_NOUN,4.102598898198873
олеофобный_ADJF,4.102598898198873
амолёд_NOUN,4.0906582398102405
затычка_NOUN,4.08759287899504
джек_NOUN,4.08759287899504
тачскрин_NOUN,4.076634513128094
взять_INFN,4.0756720099027035
документ_NOUN,4.071928252331962
реально_ADVB,4.021203823306554
помещаться_INFN,3.9494054978038085
словарь_NOUN,3.9311403037112638
громко_ADVB,3.9311403037112638
повод_NOUN,3.9311403037112638
написать_INFN,3.764301016460165
положительный_ADJF,3.7524536316775947
пахать_INFN,3.7524536316775947
универсальный_ADJF,3.7524536316775947
давать_INFN,3.7502038791062504
графический_ADJF,3.7401664123766345
гаджет_NOUN,3.7379206949581603
бас_NOUN,3.7379206949581603
пережить_INFN,3.5903326600511813
актуальный_ADJF,3.553582131565032
пробка_NOUN,3.470987461097261
повторяться_INFN,3.470987461097261
оправдать_INFN,3.4403729742301836
поразить_INFN,3.404991568236877
электронный_ADJF,3.404991568236877
команда_NOUN,3.404991568236877
выручать_INFN,3.404991568236877
подставка_NOUN,3.404991568236877
лицо_NOUN,3.386167301466078
соответствовать_INFN,3.382284064079802
выдержать_INFN,3.382284064079802
книга_NOUN,3.294650994337187
слот_NOUN,3.255887952138561
прошлое_NOUN,3.235116637231091
сегмент_NOUN,3.2312670178105427
муж_NOUN,3.2312670178105427
разговорный_ADJF,3.200762327974981
вода_NOUN,3.190534668271438
целый_ADJF,3.164162866654509
вообщий_ADJF,3.1418673227105254
управляться_INFN,3.114353814143801
скайп_NOUN,3.1023031755295385
фотокамера_NOUN,3.0313279933158137
меню_NOUN,3.000208339539764
фотографировать_INFN,2.929508438982334
сбой_NOUN,2.872208570865607
радость_NOUN,2.872208570865607
встречать_INFN,2.872208570865607
обои_NOUN,2.8592592206242538
материал_NOUN,2.850271463546632
метр_NOUN,2.794502661126994
выскальзывать_INFN,2.758455961825941
топовый_ADJF,2.758455961825941
царапина_NOUN,2.721921536666682
дополнительный_ADJF,2.6996513953021317
жалеть_INFN,2.6866787370719667
подогнать_INFN,2.6673652599617235
диапазон_NOUN,2.6673652599617235
заменять_INFN,2.6673652599617235
параметр_NOUN,2.65794396206306
надолго_ADVB,2.6397072038712084
практически_ADVB,2.57207646429328
скрипеть_INFN,2.560473408208504
матовый_ADJF,2.5467143242785637
невысокий_ADJF,2.5131573190000966
редактировать_INFN,2.5131573190000966
макро_ADVB,2.5131573190000966
удивительно_ADVB,2.5131573190000966
серфинг_NOUN,2.4947868729630365
настраивать_INFN,2.4309236708050497
смарт_NOUN,2.409237454647974
подходить_INFN,2.377021840083496
металлический_ADJF,2.370727973394085
перейти_INFN,2.3429941666701146
угол_NOUN,2.324945554567224
комплектный_ADJF,2.3105438400560496
полно_ADVB,2.3105438400560496
торможение_NOUN,2.3105438400560496
крупный_ADJF,2.3099491711160405
стекло_NOUN,2.28409005238514
фирменный_ADJF,2.2705293906070274
закачать_INFN,2.2089373419959037
согласиться_INFN,2.2067058062426943
закачивать_INFN,2.2067058062426943
общаться_INFN,2.154113261997744
исправно_ADVB,2.154113261997744
касание_NOUN,2.1490777734740374
выбирать_INFN,2.1216936374765685
белый_ADJF,2.0895551781804738
женский_ADJF,2.0893574760832916
запись_NOUN,2.066246486415951
поколение_NOUN,1.9955082718428954
звуковой_ADJF,1.9955082718428954
давно_ADVB,1.9926934872913387
легко_ADVB,1.9861740243079928
нуть_INFN,1.9543986170370862
золотой_ADJF,1.9543986170370862
использовать_INFN,1.8970036624111055
прошить_INFN,1.870645992647704
пропустить_INFN,1.8608294403865528
качать_INFN,1.8246201388826
отклик_NOUN,1.8230892283474402
кастомный_ADJF,1.8230892283474402
обновиться_INFN,1.8079118956148672
читаться_INFN,1.7910533562426867
холодное_NOUN,1.7910533562426867
горилла_NOUN,1.7910533562426867
повседневный_ADJF,1.7619358997709396
мера_NOUN,1.758259061637945
защита_NOUN,1.7320267130357516
особенно_ADVB,1.7220361747674142
ролик_NOUN,1.6664412328342024
двойной_ADJF,1.6630690356356477
цветовой_ADJF,1.654985134631598
протянуть_INFN,1.654985134631598
ярко_ADVB,1.654985134631598
индикатор_NOUN,1.6522524931969707
бюджетник_NOUN,1.5992837682031567
монитор_NOUN,1.5992837682031567
фирма_NOUN,1.581896490974174
предел_NOUN,1.581896490974174
настройка_NOUN,1.5787025122597
джинсы_NOUN,1.5398992518310366
система_NOUN,1.5212499292216857
карман_NOUN,1.4812154442455174
игра_NOUN,1.4664753862409476
лень_NOUN,1.4447773308052143
квартира_NOUN,1.4447773308052143
игровой_ADJF,1.4447773308052143
меломан_NOUN,1.4412994932890384
операционный_ADJF,1.4045068373498555
сказать_INFN,1.3988885408175173
реакция_NOUN,1.3779375414555113
кирпич_NOUN,1.355888635000852
расширить_INFN,1.355888635000852
веб_NOUN,1.355888635000852
отношение_NOUN,1.3226588556802024
воспроизведение_NOUN,1.3185841723085556
определять_INFN,1.2811937589629359
средний_ADJF,1.28036091961454
присутствовать_INFN,1.277667791615986
синхронизация_NOUN,1.2395242601480745
описание_NOUN,1.2165417965929595
галаксить_INFN,1.2165417965929595
воспроизводить_INFN,1.2157416516770019
задача_NOUN,1.2157416516770019
стандарт_NOUN,1.2153238102314246
умеренный_ADJF,1.2153238102314246
разница_NOUN,1.2116253396227088
сидеть_INFN,1.1925471065501057
выбрать_INFN,1.1816349016477778
записывать_INFN,1.1568079682944414
сравнить_INFN,1.1568079682944414
голова_NOUN,1.1568079682944414
просматривать_INFN,1.1568079682944414
солнце_NOUN,1.1308864436079895
низкий_ADJF,1.1180446318271298
смысл_NOUN,1.1180446318271298
сонька_NOUN,1.1032939446294046
чудесный_ADJF,1.1032939446294046
зеркалка_NOUN,1.1032939446294046
сравниться_INFN,1.1032939446294046
полёт_NOUN,1.1032939446294046
декабрь_NOUN,1.1032939446294046
эмоция_NOUN,1.1032939446294046
оптик_NOUN,1.1032939446294046
ядро_NOUN,1.0922108722385029
мерка_NOUN,1.056119344696221
исключение_NOUN,1.056119344696221
деньга_NOUN,1.0494911211347362
выполнить_INFN,0.9925690937473117
разумный_ADJF,0.9924818878813888
заканчиваться_INFN,0.9924818878813888
наворотить_INFN,0.9924818878813888
копия_NOUN,0.9924818878813888
гэлаксить_INFN,0.9924818878813888
слушать_INFN,0.9899548686349056
ладонь_NOUN,0.9762290251485684
точно_ADVB,0.9613755288422614
пиксель_NOUN,0.9268170743197031
взгляд_NOUN,0.9166892780670821
собеседник_NOUN,0.9046770473181551
описывать_INFN,0.9038955675436707
кореец_NOUN,0.9038955675436707
показатель_NOUN,0.9038955675436707
приобрести_INFN,0.8789827111866491
тяжёлый_ADJF,0.8657254348040885
напоминать_INFN,0.8314734202943134
гироскоп_NOUN,0.8314734202943134
видеоплеер_NOUN,0.8314734202943134
услышать_INFN,0.8074135879469438
перчатка_NOUN,0.8074135879469438
техника_NOUN,0.8074135879469438
находить_INFN,0.7940046805607662
выпускать_INFN,0.7730748970982638
зависимость_NOUN,0.7711744039187204
опыт_NOUN,0.7421172356099145
интересно_ADVB,0.7202008738068129
основный_ADJF,0.717839342246963
подробно_ADVB,0.6779103553035477
мысль_NOUN,0.6779103553035477
удивлять_INFN,0.6779103553035477
тонкость_NOUN,0.6779103553035477
обратный_ADJF,0.6765545123799871
наворот_NOUN,0.6765545123799871
однозначно_ADVB,0.6765545123799871
отзываться_INFN,0.6765545123799871
вобщий_ADJF,0.6438168217244367
согласный_NOUN,0.6387698867472896
ноут_NOUN,0.6387698867472896
счёт_NOUN,0.6277441199466423
аппарат_NOUN,0.6076354026840156
скол_NOUN,0.6076274047002914
довести_INFN,0.6076274047002914
скрин_NOUN,0.6076274047002914
перевернуть_INFN,0.6076274047002914
твиттереть_INFN,0.6076274047002914
скрепить_INFN,0.6076274047002914
светить_INFN,0.6076274047002914
подвести_INFN,0.6076274047002914
идеал_NOUN,0.6076274047002914
огрызок_NOUN,0.6076274047002914
крутить_INFN,0.6076274047002914
слава_NOUN,0.6076274047002914
назад_ADVB,0.5819038832065846
навитело_NOUN,0.576648149995805
намного_ADVB,0.5710081723592159
сутки_NOUN,0.559447393662941
нокий_NOUN,0.5522074866556957
прежний_ADJF,0.5522074866556957
мобильник_NOUN,0.5522074866556957
тусклый_ADJF,0.5522074866556957
прямо_ADVB,0.5326382126150374
последствие_NOUN,0.5074040216465895
радоваться_INFN,0.5074040216465895
надёжно_ADVB,0.5074040216465895
настолько_ADVB,0.506998704786892
удачный_ADJF,0.47126263891718945
производство_NOUN,0.4704475012883248
оправдывать_INFN,0.4704475012883248
будущее_NOUN,0.4704475012883248
выполнять_INFN,0.4557665284108066
читалка_NOUN,0.4557665284108066
подойти_INFN,0.44158815329212353
выдавать_INFN,0.440171439917962
субъективно_ADVB,0.4394546598793686
мощь_NOUN,0.4394546598793686
ребёнок_NOUN,0.4285693858223897
проигрыватель_NOUN,0.4269545875361465
удар_NOUN,0.41310023637051885
флешек_NOUN,0.4099760295525847
аппаратный_ADJF,0.4054952945331639
подзарядка_NOUN,0.39522829707402496
стоялый_ADJF,0.39042455896754924
юзать_INFN,0.3856912129488645
лазить_INFN,0.3707156131134749
долгий_ADJF,0.3626851100775119
разъём_NOUN,0.3515853418433077
небольшой_ADJF,0.34833532161746983
аккума_NOUN,0.34670036128289317
радио_NOUN,0.34501936594796506
задать_INFN,0.3382614397085585
конвертация_NOUN,0.3382614397085585
выигрывать_INFN,0.3382614397085585
флешка_NOUN,0.3382614397085585
бегать_INFN,0.3382614397085585
обработка_NOUN,0.3382614397085585
период_NOUN,0.3382614397085585
вьетнам_NOUN,0.3382614397085585
физический_ADJF,0.3382614397085585
многое_ADJF,0.3382614397085585
синхронизировать_INFN,0.3382614397085585
способность_NOUN,0.3382614397085585
вряд_ADVB,0.3382614397085585
фпс_NOUN,0.3382614397085585
канал_NOUN,0.3382614397085585
требовательный_ADJF,0.3382614397085585
дорога_NOUN,0.33816358874643837
твёрдый_ADJF,0.33816358874643837
набор_NOUN,0.33810533402201215
дорого_ADVB,0.3124187534305244
москва_NOUN,0.3124187534305244
громкость_NOUN,0.3063577982522187
перечисленный_ADJF,0.3028577768224327
объёмный_ADJF,0.3028577768224327
потянуть_INFN,0.3028577768224327
текущий_ADJF,0.3028577768224327
адаптер_NOUN,0.3028577768224327
уверенный_ADJF,0.30147642445911327
платформа_NOUN,0.2891104412218902
повториться_INFN,0.2753918796544076
слепнуть_INFN,0.2753918796544076
продержаться_INFN,0.2753918796544076
появление_NOUN,0.2753918796544076
поискать_INFN,0.2753918796544076
вплоть_ADVB,0.2753918796544076
дождь_NOUN,0.2753918796544076
задумываться_INFN,0.2753918796544076
потреблять_INFN,0.2753918796544076
евротест_NOUN,0.2753918796544076
значительно_ADVB,0.2668980191632871
продвинуть_INFN,0.2534824197566307
агент_NOUN,0.2534824197566307
корейский_ADJF,0.2534824197566307
миллион_NOUN,0.2534824197566307
разбиться_INFN,0.2534824197566307
мобильный_ADJF,0.24428554906417688
выделить_INFN,0.24238126367107116
лишний_ADJF,0.24124472575561717
голос_NOUN,0.23734457707564033
выставить_INFN,0.2356140062986814
тип_NOUN,0.22890412430295062
впервые_ADVB,0.22077637872697398
мегафон_NOUN,0.22077637872697398
энергопотребление_NOUN,0.22077637872697398
подобрать_INFN,0.22077637872697398
защитить_INFN,0.1975956683903287
виртуальный_ADJF,0.1975956683903287
печатать_INFN,0.1975956683903287
середина_NOUN,0.1975956683903287
домашний_ADJF,0.1975956683903287
аккуратно_ADVB,0.18838664800812846
плотно_ADVB,0.18036829607546662
наблюдать_INFN,0.18036829607546662
тест_NOUN,0.18036829607546662
норма_NOUN,0.17191569575016805
долго_ADVB,0.16875413053579127
диктофон_NOUN,0.16710982140978436
кадр_NOUN,0.16710982140978436
резистивный_ADJF,0.16710982140978436
нокиа_NOUN,0.163486306375669
заметка_NOUN,0.16157725483244983
почитать_INFN,0.16157725483244983
поддерживать_INFN,0.15318031127105286
реальный_ADJF,0.14816987694151085
след_NOUN,0.144533010687105
флэшка_NOUN,0.13544698811442574
доступный_ADJF,0.1198754531383234
блютуз_NOUN,0.11851089334740404
почта_NOUN,0.11204555958651913
иметься_INFN,0.11120034348304146
основной_ADJF,0.11120034348304146
обновить_INFN,0.1083245751020869
подобие_NOUN,0.10413054180482549
блютуса_NOUN,0.10413054180482549
обладать_INFN,0.10413054180482549
оценка_NOUN,0.10413054180482549
пугаться_INFN,0.10413054180482549
цветной_ADJF,0.10413054180482549
искажение_NOUN,0.10413054180482549
экранный_ADJF,0.10413054180482549
гласс_NOUN,0.10413054180482549
дискомфорт_NOUN,0.10413054180482549
париться_INFN,0.10413054180482549
лететь_INFN,0.10413054180482549
защищать_INFN,0.10413054180482549
стандартно_ADVB,0.10413054180482549
флагман_NOUN,0.10260843137500263
просмотр_NOUN,0.10193580682647822
слышный_ADJF,0.10150268563701846
разъесть_INFN,0.10147664039832181
скачать_INFN,0.10134079817804256
освещение_NOUN,0.10080862721647851
тысяча_NOUN,0.10062883074049038
видеозвонок_NOUN,0.0941886053094283
программка_NOUN,0.0941886053094283
смешной_ADJF,0.0941886053094283
увеличиться_INFN,0.0941886053094283
черта_NOUN,0.0941886053094283
вафля_NOUN,0.0941886053094283
надежда_NOUN,0.0941886053094283
алюминиевый_ADJF,0.0941886053094283
запчасть_NOUN,0.08666032721019655
прослужить_INFN,0.08666032721019655
светов_NOUN,0.08666032721019655
отображение_NOUN,0.08078350092611762
видеовызов_NOUN,0.08078350092611762
плейер_NOUN,0.08078350092611762
копейка_NOUN,0.08078350092611762
называть_INFN,0.08078350092611762
фронталка_NOUN,0.08078350092611762
понт_NOUN,0.08078350092611762
предложение_NOUN,0.07608628428802541
сотня_NOUN,0.07608628428802541
ващий_ADJF,0.07226095414214544
увеличивать_INFN,0.07226095414214544
гладкий_ADJF,0.07226095414214544
серия_NOUN,0.06909825874393807
полностью_ADVB,0.06434209847725965
глобальный_ADJF,0.06230347034333993
нынешний_ADJF,0.060664259085369814
кнопочка_NOUN,0.053849439323872206
энергосбережение_NOUN,0.05329703521633121
жаловаться_INFN,0.05281275844246208
дневный_ADJF,0.05201886044827775
объём_NOUN,0.051696983587372104
акселерометр_NOUN,0.05117876240076586
условие_NOUN,0.05065905903698281
программный_ADJF,0.05030147390105214
